airbnb_property_id,rating,days_available,bathrooms,title,bedrooms,accommodates,img_cover,reviews,homeaway_property_id,longitude,m_homeaway_property_id,latitude,adr,property_type,room_type,airbnb_url,active_listing,market
1593947,9.9,64,1.5,Charming Cottage,1,2,https://a0.muscache.com/im/pictures/acb5081f-59ea-4b16-8bc7-e3ef1ff00107.jpg?aki_policy=x_large,74,,-96.62551,,33.20375,33.2917,Bungalow,Private room,https://www.airbnb.com/rooms/1593947,1,McKinney
40234554,8,115,1,Small Private Room,1,1,https://a0.muscache.com/im/pictures/b491d58d-d6cd-4515-9a2f-c63ec565f85c.jpg?aki_policy=x_large,3,,-96.71936,,33.20957,19.1207,House,Private room,https://www.airbnb.com/rooms/40234554,1,McKinney
20967783,10,294,1,Mike''s SCUBA Cove,1,2,https://a0.muscache.com/im/pictures/2b495e41-932f-48bb-8987-b881a87b9c61.jpg?aki_policy=x_large,44,,-96.74322,,33.18459,36.5392,House,Private room,https://www.airbnb.com/rooms/20967783,1,McKinney
24395430,9.9,5,3.5,Huge and Beautiful House in McKinney,3,8,https://a0.muscache.com/im/pictures/095358f0-cb26-4953-aa51-bc9367b4d516.jpg?aki_policy=x_large,14,,-96.7006,,33.165,75,House,Entire home/apt,https://www.airbnb.com/rooms/24395430,1,McKinney
1003460425,8,188,1,Neat Suite is a downstairs studio,0,4,https://odis.homeaway.com/odis/listing/7b4e4e43-4e6b-41b0-803a-6fb776b2a1ed.c10.jpg,4,1602080vb,-96.62104351,,33.20537477,107.519,Studio,Entire home/apt,https://www.airbnb.com/rooms/1003460425,0,McKinney
24809180,9.9,261,1,Murphy House near downtown McKinney,0,4,https://a0.muscache.com/im/pictures/9ce55944-e136-4840-a391-e0d4cbc2ca03.jpg?aki_policy=x_large,144,,-96.62001,,33.20615,90.3605,Guesthouse,Entire home/apt,https://www.airbnb.com/rooms/24809180,1,McKinney
18238756,9.6,170,2,The Whole Building,0,11,https://a0.muscache.com/im/pictures/5371e7ce-d629-4436-91c4-7121527181de.jpg?aki_policy=x_large,23,,-96.62028,,33.2089,208.679,House,Entire home/apt,https://www.airbnb.com/rooms/18238756,1,McKinney
36179500,,31,1,Beautiful room in 4000 sq ft home,2,2,https://a0.muscache.com/im/pictures/7d8f40fc-968f-4085-afef-af11fd6187a1.jpg?aki_policy=x_large,0,,-96.76111,,33.21656,85,House,Private room,https://www.airbnb.com/rooms/36179500,1,McKinney
1003883832,0,61,2,Furnished 3BR/2BA Home,3,6,https://odis.homeaway.com/odis/listing/5370c42f-109c-4dc9-8673-2a7cb10c04da.c10.jpg,0,1899302vb,-96.74651807,,33.20714842,184.231,House,Entire home/apt,https://www.airbnb.com/rooms/1003883832,1,McKinney
31394087,10,151,2.5,"Stylish Fully Furnished 3 BR Home, North Dallas",3,8,https://a0.muscache.com/im/pictures/8f5e1eaf-b008-4f03-b91d-eb2f47d8749e.jpg?aki_policy=x_large,15,,-96.68228,,33.1733,106.531,Townhouse,Entire home/apt,https://www.airbnb.com/rooms/31394087,1,McKinney
29791321,9.3,58,1,Bluebonnet,0,5,https://a0.muscache.com/im/pictures/e6aa5cc8-f379-4e1d-aa6a-fdc899cc54e7.jpg?aki_policy=x_large,12,,-96.62346,,33.20658,122.062,Apartment,Entire home/apt,https://www.airbnb.com/rooms/29791321,1,McKinney
26215293,10,101,1,Mckinney Tx. Private rooms! Great location! 121&75,2,6,https://a0.muscache.com/im/pictures/2ded3582-b12e-4705-8f7d-6e12f8f93be2.jpg?aki_policy=x_large,35,,-96.68699,,33.15099,45.6308,House,Private room,https://www.airbnb.com/rooms/26215293,1,McKinney
33768022,10,138,1,"Arts and craft home, walk to the Square!",2,2,https://a0.muscache.com/im/pictures/f965e8be-9537-495b-b68e-bf02c1e14731.jpg?aki_policy=x_large,16,,-96.61999,,33.19805,50.0583,Bed and breakfast,Private room,https://www.airbnb.com/rooms/33768022,1,McKinney
12024083,10,272,1.5,"Calm, comfortable, and clean",1,2,https://a0.muscache.com/im/pictures/936094f2-b39b-4c9b-b4fa-6bcb47be4f59.jpg?aki_policy=x_large,104,,-96.65833,,33.20563,58.6525,House,Private room,https://www.airbnb.com/rooms/12024083,1,McKinney
29474166,10,301,1,"‚ù§Ô∏èClean, Quiet Room B w/ SmartTV & WiFi‚ù§Ô∏è",1,2,https://a0.muscache.com/im/pictures/8c62863e-7fa3-4d8d-807f-5357ed865c54.jpg?aki_policy=x_large,11,,-96.75584,,33.19557,37.3541,House,Private room,https://www.airbnb.com/rooms/29474166,1,McKinney
14405897,9.6,109,1,Cozy Room w/ Comfortable Queen Bed,1,1,https://a0.muscache.com/im/pictures/100ec5a0-3255-4cde-93d3-bb6ff9495218.jpg?aki_policy=x_large,12,,-96.69335,,33.16315,28.1639,House,Private room,https://www.airbnb.com/rooms/14405897,1,McKinney
19889584,9.9,229,2,The Blue Bungalow - Flea Market Decor Featured!,3,7,https://a0.muscache.com/im/pictures/cd48092b-13a4-4165-86d9-a267b6edcd14.jpg?aki_policy=x_large,110,,-96.62506,,33.2138,131.188,Bungalow,Entire home/apt,https://www.airbnb.com/rooms/19889584,1,McKinney
18508418,10,93,1,Perfect Long Term Studio Apt .4miles from downtown,0,4,https://a0.muscache.com/im/pictures/0da2062c-e929-471c-aa3a-0dfe9f902f33.jpg?aki_policy=x_large,24,,-96.61949,,33.20122,107.999,Guesthouse,Entire home/apt,https://www.airbnb.com/rooms/18508418,1,McKinney
41857212,9.8,139,1,Quiet Private Modern Studio Long term KITCHEN W&D‚úì,0,4,https://a0.muscache.com/im/pictures/203f7bab-5ed0-403d-ad06-3774434f1f0a.jpg?aki_policy=x_large,24,,-96.70968,,33.13692,73.4181,Apartment,Entire home/apt,https://www.airbnb.com/rooms/41857212,1,McKinney
30673512,9.8,354,3.5,The Downtown Victorian -Historic Downtown McKinney,4,14,https://a0.muscache.com/im/pictures/00a9d9b5-7fed-4372-9955-1f9efa6ab505.jpg?aki_policy=x_large,79,,-96.61826,,33.196,307.844,House,Entire home/apt,https://www.airbnb.com/rooms/30673512,1,McKinney
26106388,9.9,218,1,It‚Äôs Golden,2,4,https://a0.muscache.com/im/pictures/c94f101e-71be-42fd-9881-5a7b6bcb1978.jpg?aki_policy=x_large,44,,-96.61485,,33.20073,125,House,Entire home/apt,https://www.airbnb.com/rooms/26106388,1,McKinney
1003448678,10,319,2.5,SKY LANE * SLEEPS 11 * KID FRIENDLY * 3500 S.Q.F.T. * AMAZING!!!,4,12,https://odis.homeaway.com/odis/listing/b847c0ed-9464-4752-8812-575380cb2186.c10.jpg,4,1571853vb,-96.744249,,33.20608,175.978,House,Entire home/apt,https://www.airbnb.com/rooms/1003448678,0,McKinney
25459887,10,134,1,Private room with attached bathroom in Frisco,1,1,https://a0.muscache.com/im/pictures/58a6d66f-4748-44a6-ab8d-78e565a03c9b.jpg?aki_policy=x_large,11,,-96.76409,,33.19249,52.4615,House,Private room,https://www.airbnb.com/rooms/25459887,1,McKinney
37679269,,62,1,Private Bedroom/Bath in a Cozy Model Home,1,2,https://a0.muscache.com/im/pictures/91f3a8fc-f33c-43db-85da-a9b5799eb6a8.jpg?aki_policy=x_large,0,,-96.71895,,33.17716,68,House,Private room,https://www.airbnb.com/rooms/37679269,1,McKinney
33018313,9.9,155,2.5,"4 Bed, Private Pool, Game room, Office",3,8,https://a0.muscache.com/im/pictures/fa4c60d1-f2be-4f4c-be87-b8ca9713bb75.jpg?aki_policy=x_large,15,,-96.69407,,33.15565,242.414,House,Entire home/apt,https://www.airbnb.com/rooms/33018313,1,McKinney
1003893098,8,92,1,The Rustic Farm House with a Touch of Modern Charm sits on 79 acres.,2,6,https://odis.homeaway.com/odis/listing/0a705752-a80d-45fa-9e4c-5ee6bf4206e0.c10.jpg,1,1805979vb,-96.58815509,,33.22800371,168.182,Farmhouse,Entire home/apt,https://www.airbnb.com/rooms/1003893098,1,McKinney
20862665,9.9,347,1,The Cozy Cottage,0,3,https://a0.muscache.com/im/pictures/938a638f-8224-40dc-be90-a52b7c496bfa.jpg?aki_policy=x_large,99,,-96.62126,,33.20147,72.5869,Guesthouse,Entire home/apt,https://www.airbnb.com/rooms/20862665,1,McKinney
35637354,,178,1,Unwind in Serene Atmosphere,1,2,https://a0.muscache.com/im/pictures/7c107a56-90e7-475c-9fb4-d2f20676af07.jpg?aki_policy=x_large,0,,-96.69628,,33.15657,72.5,Apartment,Private room,https://www.airbnb.com/rooms/35637354,1,McKinney
18249443,9.9,357,4.5,Runge Range Holiday Home in the heart of McKinney,4,12,https://a0.muscache.com/im/pictures/635d795a-aed2-42ad-a9e5-706271a831be.jpg?aki_policy=x_large,115,,-96.62747,,33.19607,334.449,House,Entire home/apt,https://www.airbnb.com/rooms/18249443,1,McKinney
15042410,9.8,135,1,Sunny Guesthouse in Historic Downtown McKinney,1,2,https://a0.muscache.com/im/pictures/b580c349-889b-4c80-a5b4-bc2b38e374d9.jpg?aki_policy=x_large,89,,-96.62508,,33.19829,81.0109,Guesthouse,Entire home/apt,https://www.airbnb.com/rooms/15042410,1,McKinney
1004215115,10,30,2,Beautiful 3 bedroom house with internet close to downtown,3,8,https://odis.homeaway.com/odis/listing/314203c3-f6ff-4764-b71e-d261beb606d4.c10.jpg,1,1938242vb,-96.6412391,,33.1923861,200,House,Entire home/apt,https://www.airbnb.com/rooms/1004215115,1,McKinney
25356517,10,134,1,"The Sanctuary House at McKinney, TX 1 Bedroom B/S",1,1,https://a0.muscache.com/im/pictures/883a0eb0-e993-4116-b9dd-f97228f5109c.jpg?aki_policy=x_large,7,,-96.69717,,33.17534,42.8125,House,Private room,https://www.airbnb.com/rooms/25356517,1,McKinney
33532264,,61,1.5,"Private room in spacious, lovely home!",1,2,https://a0.muscache.com/im/pictures/a66dcb4c-d8e7-40c8-8cfc-0d9d1f9a7a88.jpg?aki_policy=x_large,0,,-96.65829,,33.22396,65,House,Private room,https://www.airbnb.com/rooms/33532264,1,McKinney
39673101,,77,2,Meadow Retreat,3,8,https://a0.muscache.com/im/pictures/9ec340c3-fa8a-4f48-870e-b96101b20624.jpg?aki_policy=x_large,0,,-96.53701,,33.16286,146.765,House,Entire home/apt,https://www.airbnb.com/rooms/39673101,1,McKinney
43842577,,30,2,Texas Corporate Housing Solutions Professional Apt,2,5,https://a0.muscache.com/im/pictures/7294e090-af48-404a-81af-12a1382d936a.jpg?aki_policy=x_large,0,,-96.71763,,33.13857,126.875,Serviced apartment,Entire home/apt,https://www.airbnb.com/rooms/43842577,1,McKinney
21757268,,31,1,McKinney Residence,1,2,https://a0.muscache.com/im/pictures/60e7f21a-32ca-4563-912a-a2dd2a5dd4e4.jpg?aki_policy=x_large,0,,-96.65929,,33.22129,60,House,Private room,https://www.airbnb.com/rooms/21757268,1,McKinney
6015601,9.9,320,1,2 Bedroom Suite on 2 Acre Homesite,2,4,https://a0.muscache.com/im/pictures/4fc8fb02-2de6-4c8e-b402-b5fe5762416d.jpg?aki_policy=x_large,321,,-96.72528,,33.22548,105.641,Guest suite,Entire home/apt,https://www.airbnb.com/rooms/6015601,1,McKinney
38876981,,213,1.5,Desert Rose Room,1,8,https://a0.muscache.com/im/pictures/7beeac91-fc4f-4673-beb7-ba7d9bad56a8.jpg?aki_policy=x_large,0,,-96.6186,,33.20614,199,Bed and breakfast,Private room,https://www.airbnb.com/rooms/38876981,0,McKinney
39106871,,16,2,View on Summit View,3,4,https://a0.muscache.com/im/pictures/ec34fe6b-f88a-4532-a5ab-2f53e49d8e18.jpg?aki_policy=x_large,0,,-96.68055,,33.22701,375,House,Entire home/apt,https://www.airbnb.com/rooms/39106871,1,McKinney
43342285,,8,1,"Beautiful apartment in McKinney, TX",1,1,https://a0.muscache.com/im/pictures/61b7c23c-445d-4386-a4eb-46e34aae149d.jpg?aki_policy=x_large,0,,-96.72753,,33.15221,40,Apartment,Entire home/apt,https://www.airbnb.com/rooms/43342285,1,McKinney
10657428,10,310,1.5,Comfy room near downtown McKinney,1,2,https://a0.muscache.com/im/pictures/7932eaad-697a-4d1e-9dd1-22204b279c4a.jpg?aki_policy=x_large,91,,-96.6569,,33.20578,54.9009,House,Private room,https://www.airbnb.com/rooms/10657428,1,McKinney
39181551,10,160,1,BP''s Place,1,1,https://a0.muscache.com/im/pictures/856fa001-fa3c-43a3-8dad-c36bfdbf684f.jpg?aki_policy=x_large,3,,-96.66832,,33.18333,38.0217,House,Shared room,https://www.airbnb.com/rooms/39181551,1,McKinney
33739697,10,270,1,Birdie''s Cottage in Historic McKinney,1,2,https://a0.muscache.com/im/pictures/2c62aa4b-f728-4539-8d25-f05c9706a3ea.jpg?aki_policy=x_large,22,,-96.61988,,33.2026,123.754,Cottage,Entire home/apt,https://www.airbnb.com/rooms/33739697,1,McKinney
31054983,9.4,291,1,The Farm House,2,6,https://a0.muscache.com/im/pictures/3d6bafce-ef80-49b0-8354-2ee5db067d78.jpg?aki_policy=x_large,28,,-96.61902,,33.20824,182.106,House,Entire home/apt,https://www.airbnb.com/rooms/31054983,1,McKinney
39483147,10,196,1.5,"Large, Pristine Qn room in new subdivision",1,3,https://a0.muscache.com/im/pictures/6832b1f7-418f-4bf4-9847-00c0d0a9697e.jpg?aki_policy=x_large,8,,-96.70455,,33.14935,44.4789,House,Private room,https://www.airbnb.com/rooms/39483147,1,McKinney
32895242,9.1,152,1,Craig Ranch | Corporate | Delightful 1BR apartment,1,2,https://a0.muscache.com/im/pictures/7d62aeec-c347-4f96-8f17-5193f2dabe3d.jpg?aki_policy=x_large,7,,-96.71012,9389654,33.13919,136.688,Apartment,Entire home/apt,https://www.airbnb.com/rooms/32895242,1,McKinney
20882602,10,176,1,404 Tucker,2,6,https://a0.muscache.com/im/pictures/73cc0a00-1cd1-4a23-825e-338e0a6aff83.jpg?aki_policy=x_large,27,,-96.61785,,33.20132,202.969,House,Entire home/apt,https://www.airbnb.com/rooms/20882602,1,McKinney
41473958,10,109,1.5,Private Qn room with private bath,1,2,https://a0.muscache.com/im/pictures/ab7bd08a-8096-4c46-b7cf-86ca86e9470a.jpg?aki_policy=x_large,2,,-96.70468,,33.15099,49.6896,House,Private room,https://www.airbnb.com/rooms/41473958,1,McKinney
41154105,9.7,91,1,Perfect Santuary- Private Room- King bed-Nr 380&75,1,2,https://a0.muscache.com/im/pictures/8ec1e719-829c-4ee4-bcea-f249843e7106.jpg?aki_policy=x_large,7,,-96.68267,,33.20813,40.2359,House,Private room,https://www.airbnb.com/rooms/41154105,1,McKinney
43743221,,30,1,The Loft @ Hangar 309,1,4,https://a0.muscache.com/im/pictures/dbf3d7c8-d840-4a34-b76e-330e806f7464.jpg?aki_policy=x_large,0,,-96.74145,,33.20692,111.762,Apartment,Entire home/apt,https://www.airbnb.com/rooms/43743221,1,McKinney
43610935,,30,3,Elegant Ranch House with 20 Acres of Serenity,3,10,https://a0.muscache.com/im/pictures/f2ff6e0a-8e32-4f50-8930-0072d3f7bb1c.jpg?aki_policy=x_large,0,,-96.66856,,33.26438,355.667,Farm stay,Entire home/apt,https://www.airbnb.com/rooms/43610935,1,McKinney
36113413,10,220,1,BP''s Place,1,1,https://a0.muscache.com/im/pictures/856fa001-fa3c-43a3-8dad-c36bfdbf684f.jpg?aki_policy=x_large,2,,-96.66951,,33.18466,55.0909,House,Private room,https://www.airbnb.com/rooms/36113413,1,McKinney
34180528,9.8,344,1,Cozy home near Downtown Square - Private Entrance!,1,2,https://a0.muscache.com/im/pictures/22446bd3-36cb-4afc-955c-1b73b19dda6b.jpg?aki_policy=x_large,39,,-96.62147,,33.20434,39.1667,House,Private room,https://www.airbnb.com/rooms/34180528,1,McKinney
41349377,10,74,1,Guest House at Gold Farm,0,4,https://a0.muscache.com/im/pictures/36794df0-38dc-482b-a06b-7de14c6dc1fc.jpg?aki_policy=x_large,7,,-96.60887,,33.13529,76.9592,House,Entire home/apt,https://www.airbnb.com/rooms/41349377,1,McKinney
1003292695,10,274,4,Right in the Heart of Historic Downtown McKinney,4,9,https://odis.homeaway.com/odis/listing/b3ee41c3-d2f6-4fda-8c1a-97e936d9bdf5.c10.jpg,2,1590800vb,-96.6269668,,33.1990648,683.824,House,Entire home/apt,https://www.airbnb.com/rooms/1003292695,1,McKinney
33607067,2,31,1.5,"Spacious, lovely family home in prime location!",2,5,https://a0.muscache.com/im/pictures/b9a23373-454f-488e-8b99-15c9a610398e.jpg?aki_policy=x_large,0,,-96.63292,,33.24948,82.9333,House,Entire home/apt,https://www.airbnb.com/rooms/33607067,1,McKinney
22000426,9.9,247,1,Historic McKinney Guest Retreat (Private),1,2,https://a0.muscache.com/im/pictures/eaaaa04a-6b8a-482d-a8b8-b8123b208c68.jpg?aki_policy=x_large,108,,-96.62446,,33.19086,90,Loft,Entire home/apt,https://www.airbnb.com/rooms/22000426,1,McKinney
27463731,9.7,145,1,Texas Loft,0,5,https://a0.muscache.com/im/pictures/c6cbc9cb-4b3a-4edf-84a9-621dff4b38d9.jpg?aki_policy=x_large,35,,-96.6224,1409845vb,33.20846,116.778,Apartment,Entire home/apt,https://www.airbnb.com/rooms/27463731,1,McKinney
1003893090,10,74,1,Complete Privacy - 5 min walk to McKinney Historic Sq. You can spend a whole day,1,2,https://odis.homeaway.com/odis/listing/61322484-9ff5-43a7-b73c-b780ab2032ec.c10.jpg,10,9201356,-96.6216871,,33.1982312,53.3333,House,Entire home/apt,https://www.airbnb.com/rooms/1003893090,0,McKinney
26846978,9.8,328,2,A home away from home,4,10,https://a0.muscache.com/im/pictures/89bf75ca-a670-4e48-b944-e91e8d1e75ad.jpg?aki_policy=x_large,37,,-96.64305,7179148,33.22981,254.431,House,Entire home/apt,https://www.airbnb.com/rooms/26846978,1,McKinney
17400415,9,142,2,Holly House in Historic McKinney Texas,3,8,https://a0.muscache.com/im/pictures/cef7d5af-751e-4910-be92-b1be45bc3cb1.jpg?aki_policy=x_large,28,,-96.61762,1021250vb,33.19423,162,House,Entire home/apt,https://www.airbnb.com/rooms/17400415,1,McKinney
18370609,9.3,67,1,Basic room at Country quiet peaceful farm,1,1,https://a0.muscache.com/im/pictures/d503890c-6780-46b3-9d26-ce0e5e94f18e.jpg?aki_policy=x_large,11,,-96.55661,,33.14708,31.7742,House,Private room,https://www.airbnb.com/rooms/18370609,1,McKinney
43952543,,30,2,Texas Corporate Housing Solutions Professional Apt,3,7,https://a0.muscache.com/im/pictures/160299ee-ab41-4936-99ab-af7ab0f50b60.jpg?aki_policy=x_large,0,,-96.71841,,33.1399,272,Apartment,Entire home/apt,https://www.airbnb.com/rooms/43952543,1,McKinney
13001951,9.7,294,2.5,"McKinney Oasis, 4BDRM POOL and Pool Table",4,10,https://a0.muscache.com/im/pictures/c4b2d1eb-ec0a-44e4-8ff2-895f1dbf3571.jpg?aki_policy=x_large,93,,-96.63651,4208744,33.17442,333.488,House,Entire home/apt,https://www.airbnb.com/rooms/13001951,1,McKinney
16573953,9.4,220,1,Neat Suite,0,5,https://a0.muscache.com/im/pictures/936fc75b-905a-466e-bcd3-72994b9b63c0.jpg?aki_policy=x_large,71,,-96.61916,,33.20898,118.992,Apartment,Entire home/apt,https://www.airbnb.com/rooms/16573953,1,McKinney
27612696,10,200,1,"Clean, quiet, private room in frisco home (D)",1,1,https://a0.muscache.com/im/pictures/58a6d66f-4748-44a6-ab8d-78e565a03c9b.jpg?aki_policy=x_large,8,,-96.76612,,33.19456,55,House,Private room,https://www.airbnb.com/rooms/27612696,1,McKinney
41715300,10,88,1,Enchanted Silver Room @ Rockin D Ranch,1,2,https://a0.muscache.com/im/pictures/52d756a1-0e4f-405d-9edd-625a24e5e73e.jpg?aki_policy=x_large,1,,-96.64808,,33.27641,55,Farm stay,Private room,https://www.airbnb.com/rooms/41715300,1,McKinney
15250429,10,122,2.5,Blue Elm House - Fully furnished 30+ days,3,10,https://a0.muscache.com/im/pictures/9fce7b12-864b-4e18-a939-e10dc3e6ce4e.jpg?aki_policy=x_large,30,,-96.61577,782193vb,33.18443,146.561,House,Entire home/apt,https://www.airbnb.com/rooms/15250429,1,McKinney
1676165,9.9,232,1,Studio G in McKinney TX,0,3,https://a0.muscache.com/im/pictures/65857215/28bc15e2_original.jpg?aki_policy=x_large,118,,-96.60078,,33.16024,85,House,Entire home/apt,https://www.airbnb.com/rooms/1676165,1,McKinney
27001083,10,164,2,"Clean, quiet, private room in Frisco home (C)",1,1,https://a0.muscache.com/im/pictures/6ca2f1fb-008b-4444-b0ca-de7205f94c2b.jpg?aki_policy=x_large,4,,-96.76567,,33.19326,55,House,Private room,https://www.airbnb.com/rooms/27001083,1,McKinney
27724730,10,348,1,"‚ù§Ô∏èQuiet, Clean, Comfy Room A w/ Smart TV & Wifi‚ù§Ô∏è",1,2,https://a0.muscache.com/im/pictures/fb1f08f2-5029-4d02-957d-c8f3d0216ce1.jpg?aki_policy=x_large,32,,-96.75566,,33.19696,38.4618,House,Private room,https://www.airbnb.com/rooms/27724730,1,McKinney
38914007,,27,1,Studio With A View,0,2,https://a0.muscache.com/im/pictures/1b86a1b4-696f-4211-b365-51cfb77665b3.jpg?aki_policy=x_large,0,,-96.71055,,33.13856,75,Apartment,Entire home/apt,https://www.airbnb.com/rooms/38914007,1,McKinney
37087082,9.8,183,2,"Beautiful single story house, deck, pool & spa",3,6,https://a0.muscache.com/im/pictures/94c93b27-9241-4958-92b2-7132bb313c64.jpg?aki_policy=x_large,30,,-96.65475,,33.17825,121.33,House,Entire home/apt,https://www.airbnb.com/rooms/37087082,1,McKinney
38584793,9.5,179,2.5,Beautiful updated Historic home downtown Mckinney,3,6,https://a0.muscache.com/im/pictures/2b5790d0-594a-41fb-b127-d6721eee9e81.jpg?aki_policy=x_large,22,,-96.62084,,33.19797,187.782,House,Entire home/apt,https://www.airbnb.com/rooms/38584793,1,McKinney
40793703,10,156,1.5,Cozy Queen room on 2nd floor,1,2,https://a0.muscache.com/im/pictures/08e7f450-2e9e-4a9f-8fa1-12a4f3b1ffb3.jpg?aki_policy=x_large,2,,-96.70399,,33.14991,35.125,House,Private room,https://www.airbnb.com/rooms/40793703,1,McKinney
30465034,9.9,226,3,Spacious Cottage in Heart of Historic District,3,8,https://a0.muscache.com/im/pictures/85b0457b-98d4-4ec9-b1e2-1384cefa907d.jpg?aki_policy=x_large,30,,-96.62152,,33.2011,232.476,Cottage,Entire home/apt,https://www.airbnb.com/rooms/30465034,1,McKinney
23731620,10,366,1,An Enchanting Retreat,1,3,https://a0.muscache.com/im/pictures/0f0593bd-c782-49f3-a24b-e63406fec444.jpg?aki_policy=x_large,3,,-96.62778,,33.2,195.667,Bed and breakfast,Private room,https://www.airbnb.com/rooms/23731620,1,McKinney
36905614,9.3,67,1,LUXE CONDOMINIUM PRIVATE ROOM,1,1,https://a0.muscache.com/im/pictures/0988e493-8e2f-4427-bda0-d991528dab69.jpg?aki_policy=x_large,4,,-96.64185,,33.14506,35.2424,Townhouse,Private room,https://www.airbnb.com/rooms/36905614,1,McKinney
23107804,10,238,1,Getaway Cottage - Charming Historic 1910 Craftsman,1,2,https://a0.muscache.com/im/pictures/0e6407fb-d6ab-4c4e-b104-06686baf6efa.jpg?aki_policy=x_large,9,,-96.622,,33.198,57.5449,House,Private room,https://www.airbnb.com/rooms/23107804,1,McKinney
17760885,10,33,2,Coastal Living in Downtown McKinney,3,6,https://a0.muscache.com/im/pictures/e9339a4e-52ef-49b8-a6f6-f6a6d3fba24e.jpg?aki_policy=x_large,3,,-96.61774,,33.19613,399,Bungalow,Entire home/apt,https://www.airbnb.com/rooms/17760885,1,McKinney
38264207,9.6,196,2,Vine Cottage,3,10,https://a0.muscache.com/im/pictures/2fbe9174-f6df-47a5-9e14-4bdcb792305c.jpg?aki_policy=x_large,17,,-96.62187,,33.19596,172.104,Cottage,Entire home/apt,https://www.airbnb.com/rooms/38264207,1,McKinney
39554101,,183,1,Yellow Rose,1,2,https://a0.muscache.com/im/pictures/be73faae-945d-4cac-a0d7-ebd257c20d28.jpg?aki_policy=x_large,0,,-96.61671,,33.20688,199,House,Private room,https://www.airbnb.com/rooms/39554101,0,McKinney
1003653927,6,29,1,Super 8 by Wyndham McKinney/Plano Area,0,2,https://odis.homeaway.com/odis/listing/8bfba09e-381e-4f71-af54-877b8554392d.c10.jpg,68,9001981,-96.638,,33.20637,67,Hotel,Entire home/apt,https://www.airbnb.com/rooms/1003653927,1,McKinney
20710927,9.8,230,1,Private 2nd Floor (Two Bed Rooms & Movie Room),2,4,https://a0.muscache.com/im/pictures/afad7cb8-40f2-4cef-b864-c046fbdcb5e6.jpg?aki_policy=x_large,49,,-96.68352,,33.16114,59,House,Private room,https://www.airbnb.com/rooms/20710927,1,McKinney
42709777,10,37,1,The Executive at The Sanctuary House McKinney TX.,1,2,https://a0.muscache.com/im/pictures/b891ef3b-1c57-4995-a8f6-504f9154e8d7.jpg?aki_policy=x_large,1,,-96.69518,,33.1767,42,Villa,Private room,https://www.airbnb.com/rooms/42709777,1,McKinney
39611113,10,101,1,Cozy Queen Bed/Bath 1 minute from DWTN McKinney,1,2,https://a0.muscache.com/im/pictures/fb2abb2c-e52a-464f-92d6-44628f8eea59.jpg?aki_policy=x_large,2,,-96.61718,,33.18753,36.8056,House,Private room,https://www.airbnb.com/rooms/39611113,1,McKinney
28185463,9.7,314,1,"Mckinney, TX 1904 Queen Anne Cottage",1,2,https://a0.muscache.com/im/pictures/53ca0d5f-3554-4342-a7a4-adf5a1836b4b.jpg?aki_policy=x_large,70,,-96.62318,,33.19938,33.2921,Cottage,Private room,https://www.airbnb.com/rooms/28185463,1,McKinney
43527697,9.7,60,1,Entire Home * Country Living In The City * 2BR 1BA,2,4,https://a0.muscache.com/im/pictures/a0e8231b-0c51-4ab0-9661-00f8fc25d197.jpg?aki_policy=x_large,13,,-96.74722,,33.20073,68.1515,House,Entire home/apt,https://www.airbnb.com/rooms/43527697,1,McKinney
11654803,9.4,204,2,"""Eleanor''s Cottage""",2,8,https://a0.muscache.com/im/pictures/1c3b7c78-420a-43ae-93ee-5332efb90a69.jpg?aki_policy=x_large,69,,-96.62271,889016vb,33.2087,181.257,House,Entire home/apt,https://www.airbnb.com/rooms/11654803,1,McKinney
18104270,9.5,308,2,Family Friendly Craftsman Near Historic Downtown,4,8,https://a0.muscache.com/im/pictures/50803057-3f9c-4f06-a46c-71141e4cffc3.jpg?aki_policy=x_large,103,,-96.62001,,33.19409,197.884,House,Entire home/apt,https://www.airbnb.com/rooms/18104270,1,McKinney
33597867,10,94,1,Quiet McKinney Neighborhood,1,1,https://a0.muscache.com/im/pictures/6261071a-573c-49db-b830-0a586a3ee9ee.jpg?aki_policy=x_large,2,,-96.65534,,33.20146,43.6087,House,Private room,https://www.airbnb.com/rooms/33597867,1,McKinney
38868831,9.4,223,1,DIAMOND * 1 Bedroom Apt. * AMAZING!!!,1,2,https://a0.muscache.com/im/pictures/f29301b3-d044-4f39-b2fa-1fcfb03df8d9.jpg?aki_policy=x_large,23,,-96.74385,,33.2053,46.8568,Apartment,Entire home/apt,https://www.airbnb.com/rooms/38868831,1,McKinney
1003653637,6,29,1,Econo Lodge Inn & Suites,0,2,https://odis.homeaway.com/odis/listing/c4e72b8e-51ee-4c22-b06d-c288ae777a1b.c10.jpg,11,9000421,-96.63887,,33.19082,80,Hotel,Entire home/apt,https://www.airbnb.com/rooms/1003653637,0,McKinney
1003133529,0,109,1,Craig Ranch | Corporate | Delightful 1BR apartment,1,2,https://odis.homeaway.com/odis/listing/4e5207c3-77be-4a5d-99fa-d0bfa34152ac.c10.jpg,0,7653154,-96.71256517,,33.13955124,149.321,Apartment,Entire home/apt,https://www.airbnb.com/rooms/1003133529,0,McKinney
14913926,,31,1.5,"Nice, Cozy Home Away from Home",1,2,https://a0.muscache.com/im/pictures/75732d39-5c8f-4faa-acc3-4b97d6a11117.jpg?aki_policy=x_large,0,,-96.70865,,33.15733,45,House,Private room,https://www.airbnb.com/rooms/14913926,1,McKinney
36663448,10,240,2,Historic Downtown McKinney Yellow Bungalow,2,5,https://a0.muscache.com/im/pictures/724167b4-a85b-43b1-b7eb-2d7207ef4cc4.jpg?aki_policy=x_large,7,,-96.622,,33.197,187.031,House,Entire home/apt,https://www.airbnb.com/rooms/36663448,1,McKinney
1003572634,10,321,1,The Farm House sits on a large lot near downtown Mckinney,2,7,https://odis.homeaway.com/odis/listing/e1fd8afe-e201-470a-b7d1-6cea3d7a773b.c10.jpg,1,1714657vb,-96.61784635,,33.20546442,146.475,House,Entire home/apt,https://www.airbnb.com/rooms/1003572634,0,McKinney
4211181,9.7,27,1.5,Garden Gate Getaway,1,2,https://a0.muscache.com/im/pictures/f2cac820-ce90-4391-9082-9a4b53aa006c.jpg?aki_policy=x_large,50,,-96.62521,,33.20393,48,Bungalow,Private room,https://www.airbnb.com/rooms/4211181,1,McKinney
22302553,10,232,1.5,New Spa Bth New Kit Patio Fast WiFi Desk Rm A,1,2,https://a0.muscache.com/im/pictures/5abb5722-19aa-4069-9809-a36bdd880ad3.jpg?aki_policy=x_large,14,,-96.64332,,33.23082,81.958,House,Private room,https://www.airbnb.com/rooms/22302553,1,McKinney
27898706,9.1,351,2.5,Modern McKinney home !!,3,8,https://a0.muscache.com/im/pictures/74fd4754-3fe3-49d8-97a5-68c95286f63e.jpg?aki_policy=x_large,40,,-96.68253,7311000,33.17194,120.96,Townhouse,Entire home/apt,https://www.airbnb.com/rooms/27898706,1,McKinney
41090637,10,148,2,THE NEST-CHARMING HOME 1 BLK TO DOWNTOWN MCKINNEY!,3,9,https://a0.muscache.com/im/pictures/3d5d71e2-b987-4da1-bf3c-58bf3d4ddcb6.jpg?aki_policy=x_large,8,,-96.61539,,33.19651,205.98,House,Entire home/apt,https://www.airbnb.com/rooms/41090637,1,McKinney
28354947,10,75,1,Master :green and white room,1,2,https://a0.muscache.com/im/pictures/1cd6e2d7-0122-4a0f-a9e7-cdc2e3fc28ec.jpg?aki_policy=x_large,1,,-96.55588,,33.14663,37,House,Private room,https://www.airbnb.com/rooms/28354947,1,McKinney
30696533,9.7,331,2.5,SILVER EAGLE * SLEEPS 14 * 3300 SQFT * AMAZING!!!,3,16,https://a0.muscache.com/im/pictures/1efa26dd-4380-4b73-b00b-25c027541faa.jpg?aki_policy=x_large,84,,-96.74339,1571481vb,33.20629,195.77,House,Entire home/apt,https://www.airbnb.com/rooms/30696533,1,McKinney
33496101,9.7,143,1,Bluebird Cottage & Caf√© 2 (entire 2 bedroom loft),2,7,https://a0.muscache.com/im/pictures/f585b0cc-4ac9-4121-b1df-eac686a6f771.jpg?aki_policy=x_large,7,,-96.6795,,33.25523,73.5635,Guest suite,Entire home/apt,https://www.airbnb.com/rooms/33496101,1,McKinney
40467155,9.2,83,2,Texas Gem,3,6,https://a0.muscache.com/im/pictures/c928034e-467a-49fd-878b-243a38e28284.jpg?aki_policy=x_large,5,,-96.68238,,33.22582,99.4375,House,Entire home/apt,https://www.airbnb.com/rooms/40467155,1,McKinney
43388684,9.3,48,1,"Quiet Area, Completely Sanitized, Free Parking",1,2,https://a0.muscache.com/im/pictures/09a5f788-d91f-4cc3-8263-7462ebe4be6a.jpg?aki_policy=x_large,6,,-96.70037,,33.15703,96.8077,Apartment,Entire home/apt,https://www.airbnb.com/rooms/43388684,1,McKinney
2571190,10,229,2,''Mockingbird House'' in Historic District,2,6,https://a0.muscache.com/im/pictures/0b65b981-1fb9-4d9c-80e9-613528f5d3e4.jpg?aki_policy=x_large,161,,-96.61963,,33.20465,98.0157,House,Entire home/apt,https://www.airbnb.com/rooms/2571190,1,McKinney
38823557,10,261,2,‚ù§Ô∏è NEW Pet Friendly üêæ Space Near Raytheon w/ WiFi,2,4,https://a0.muscache.com/im/pictures/6b841de4-1dad-44ec-8531-36991a1bf788.jpg?aki_policy=x_large,9,,-96.64434,9221852,33.20989,107.246,Apartment,Entire home/apt,https://www.airbnb.com/rooms/38823557,1,McKinney
34781060,10,258,1,McKinney Garden House your Historic District Oasis,1,3,https://a0.muscache.com/im/pictures/900a901f-3feb-4025-b94e-6452f537e0d4.jpg?aki_policy=x_large,33,,-96.62207,,33.1956,83.3827,House,Entire home/apt,https://www.airbnb.com/rooms/34781060,1,McKinney
29708304,9.7,266,1,|| Blue Bungalow || Adorable Downtown McKinney,2,6,https://a0.muscache.com/im/pictures/b8341c42-4edb-4176-b906-49af7fa3ddc5.jpg?aki_policy=x_large,64,,-96.62244,7457699,33.20074,163.133,Bungalow,Entire home/apt,https://www.airbnb.com/rooms/29708304,1,McKinney
24910997,10,314,2.5,Beautiful Craftsman Style Home Downtown McKinney,4,8,https://a0.muscache.com/im/pictures/d1257022-33eb-4feb-a686-40db8a60e409.jpg?aki_policy=x_large,47,,-96.61816,,33.20283,368.429,House,Entire home/apt,https://www.airbnb.com/rooms/24910997,1,McKinney
42096956,10,54,2,"""The Fiddle Fig"" in Historic Downtown Mckinney",3,6,https://a0.muscache.com/im/pictures/6ba7c423-90d4-4069-9639-1bd5f0f8921f.jpg?aki_policy=x_large,2,,-96.62631,9423380,33.19847,157.769,Bungalow,Entire home/apt,https://www.airbnb.com/rooms/42096956,1,McKinney
41274755,9,171,1.5,Two queen bedrooms with private bath,2,4,https://a0.muscache.com/im/pictures/936094f2-b39b-4c9b-b4fa-6bcb47be4f59.jpg?aki_policy=x_large,2,,-96.65885,,33.20579,85.6429,House,Private room,https://www.airbnb.com/rooms/41274755,1,McKinney
29460852,10,245,1,Clean New 1BR in a quite safe Neighborhood,1,2,https://a0.muscache.com/im/pictures/e341b1d5-694a-44e6-82d9-c4bf0acfaa37.jpg?aki_policy=x_large,9,,-96.74949,,33.20924,41.5253,House,Private room,https://www.airbnb.com/rooms/29460852,1,McKinney
1001849261,10,31,3.5,"Beautiful home on an acre and close to shopping, events & dining.",3,10,https://odis.homeaway.com/odis/listing/b301c4ff-78e1-42a7-a8a7-fb523365fc62.c10.jpg,1,1193135vb,-96.63935276,,33.13564736,288.889,House,Entire home/apt,https://www.airbnb.com/rooms/1001849261,1,McKinney
11928561,8,113,1.5,"Private room in spacious, lovely home!",1,2,https://a0.muscache.com/im/pictures/b9a23373-454f-488e-8b99-15c9a610398e.jpg?aki_policy=x_large,1,,-96.65864,,33.22213,117.222,House,Private room,https://www.airbnb.com/rooms/11928561,1,McKinney
16029469,9.1,184,1,Loft Mckinney,0,6,https://a0.muscache.com/im/pictures/2c422187-7e79-425d-b611-479d0fb95262.jpg?aki_policy=x_large,59,,-96.61876,1181494vb,33.20792,130.714,Apartment,Entire home/apt,https://www.airbnb.com/rooms/16029469,1,McKinney
39901696,10,174,2,The Emerald Cliff--‚ù§Ô∏è of Downtown McKinney,3,8,https://a0.muscache.com/im/pictures/23548011-3125-4786-bc7c-13d1869327fe.jpg?aki_policy=x_large,20,,-96.62183,1831101vb,33.19301,160.492,Bungalow,Entire home/apt,https://www.airbnb.com/rooms/39901696,1,McKinney
31763287,9.5,350,2,2700 Glenhaven,3,6,https://a0.muscache.com/im/pictures/28e957da-6e32-43f1-a933-e8d56dfca249.jpg?aki_policy=x_large,80,,-96.64901,,33.20762,131.687,House,Entire home/apt,https://www.airbnb.com/rooms/31763287,1,McKinney
29430328,10,357,1,The Magical Magnolia - POOL & Breakfast Included!,1,2,https://a0.muscache.com/im/pictures/88288f65-21da-4cf4-a8ec-e303b24791dc.jpg?aki_policy=x_large,35,,-96.62742,,33.19844,172.204,Bed and breakfast,Private room,https://www.airbnb.com/rooms/29430328,1,McKinney
29927532,10,289,2.5,SKY LANE * SLEEPS 14 * 3500 SQFT * BEAUTIFUL!!!,4,16,https://a0.muscache.com/im/pictures/a4afd72a-49d8-4ed4-88ea-282eceb0602a.jpg?aki_policy=x_large,75,,-96.7433,,33.20491,189.82,House,Entire home/apt,https://www.airbnb.com/rooms/29927532,1,McKinney
38781875,9.5,270,2.5,Wedding & Wine Country Home Near Event Centers,3,12,https://a0.muscache.com/im/pictures/79ecd8b7-8657-4c6e-9799-7798d9026736.jpg?aki_policy=x_large,21,,-96.65763,,33.29315,176.212,House,Entire home/apt,https://www.airbnb.com/rooms/38781875,1,McKinney
9257409,9.9,203,1,Garage apartment on 2 acre homesite,1,4,https://a0.muscache.com/im/pictures/dd308e58-498c-405c-9500-7ce4be5f00ae.jpg?aki_policy=x_large,263,,-96.72664,,33.2249,86.9016,Guest suite,Entire home/apt,https://www.airbnb.com/rooms/9257409,1,McKinney
33157761,8.2,203,1,"Modern McKinney Home w/ Yard, Walk to Downtown!",2,5,https://a0.muscache.com/im/pictures/832b4635-5c18-42fe-a75b-b6cab23d9ee3.jpg?aki_policy=x_large,14,,-96.6236,7664630,33.20466,164.333,House,Entire home/apt,https://www.airbnb.com/rooms/33157761,1,McKinney
35517705,,108,1,"Private room and bath in Cozy home, Mckinney.",1,2,https://a0.muscache.com/im/pictures/df9c7b7f-2503-4fdd-bbbd-bf507ebfbe8f.jpg?aki_policy=x_large,2,,-96.73834,,33.19043,27.7083,House,Private room,https://www.airbnb.com/rooms/35517705,1,McKinney
1003332733,8,123,2.5,Gorgeous 1915 country FARMHOUSE 4400 sq ft near everything w huge living space,5,12,https://odis.homeaway.com/odis/listing/363a41be-0855-47c4-b9b1-4acdc4d2c27b.c10.jpg,2,1607296vb,-96.68310893,,33.27380719,412.5,Farmhouse,Entire home/apt,https://www.airbnb.com/rooms/1003332733,0,McKinney
19826814,10,230,4,"Luxury Resort Mckinney Home- fun, close to all!",5,15,https://a0.muscache.com/im/pictures/57f8a946-d063-4aac-8426-87050c92a4fc.jpg?aki_policy=x_large,49,,-96.65359,1071667vb,33.16482,698.725,House,Entire home/apt,https://www.airbnb.com/rooms/19826814,1,McKinney
36045474,9.8,219,3.5,"McKinney Retreat, 3000sf House, Fenced Corner Lot",4,12,https://a0.muscache.com/im/pictures/08b5348b-784f-43b4-8a07-7cd19175edc9.jpg?aki_policy=x_large,12,,-96.68455,1688587vb,33.15121,269.771,House,Entire home/apt,https://www.airbnb.com/rooms/36045474,1,McKinney
43910046,,30,2,Texas Corporate Housing Solutions Professional Apt,2,5,https://a0.muscache.com/im/pictures/b5b39712-c19f-4e60-90ad-fe5f816122d9.jpg?aki_policy=x_large,0,,-96.71876,,33.1385,251,Serviced apartment,Entire home/apt,https://www.airbnb.com/rooms/43910046,1,McKinney
8862814,10,280,1.5,Beautiful Victorian Farmhouse with Pool,1,1,https://a0.muscache.com/im/pictures/040aa89d-5bc3-4c29-a86c-f2638aa6af87.jpg?aki_policy=x_large,124,,-96.62908,,33.19589,53.4586,House,Private room,https://www.airbnb.com/rooms/8862814,1,McKinney
40539687,10,116,1,Jones Country Cottage near the Downtown Square,2,5,https://a0.muscache.com/im/pictures/2f58c53c-e451-433c-978c-528ae9a0e501.jpg?aki_policy=x_large,14,,-96.61926,1908618vb,33.20383,100.604,House,Entire home/apt,https://www.airbnb.com/rooms/40539687,1,McKinney
28893069,9.9,340,1,‚òÜHidden Haven‚òÜ Peaceful Getaway | Ideal location |,1,2,https://a0.muscache.com/im/pictures/85fdbd09-f969-4376-8a52-df733b8a4b46.jpg?aki_policy=x_large,193,,-96.68954,,33.27595,57.6027,Guesthouse,Entire home/apt,https://www.airbnb.com/rooms/28893069,1,McKinney
1003952917,10,31,2,Meadow Retreat- Country feel with city conveniences,3,8,https://odis.homeaway.com/odis/listing/97d8bc9d-e85a-41af-afa5-28da8671d3c8.c10.jpg,1,1808648vb,-96.53735124,,33.16615752,110,House,Entire home/apt,https://www.airbnb.com/rooms/1003952917,0,McKinney
33153410,10,17,2,Cozy Historic Home,3,5,https://a0.muscache.com/im/pictures/cd6e4c4b-9357-4553-8466-67816d6afd33.jpg?aki_policy=x_large,1,,-96.62149,,33.20495,90,House,Entire home/apt,https://www.airbnb.com/rooms/33153410,1,McKinney
19603223,9.8,243,2,Handicapped Accessible Suburban Retreat,3,6,https://a0.muscache.com/im/pictures/d20c86bb-4990-4469-a89b-6ae2cc9431b6.jpg?aki_policy=x_large,87,,-96.64794,,33.22236,145.315,House,Entire home/apt,https://www.airbnb.com/rooms/19603223,1,McKinney
37958481,10,140,1,"Cozy, Bright and centrally located",1,2,https://a0.muscache.com/im/pictures/58361763-f7c3-441e-839a-7ad721b2c3bd.jpg?aki_policy=x_large,1,,-96.669,,33.16066,39,House,Private room,https://www.airbnb.com/rooms/37958481,1,McKinney
37569142,10,149,2,"New, Modern Luxury Retreat! Great location off 121",3,10,https://a0.muscache.com/im/pictures/3851b96b-00a6-4b12-8c89-b38a28380e0f.jpg?aki_policy=x_large,6,,-96.70314,9312810,33.15583,183.273,House,Entire home/apt,https://www.airbnb.com/rooms/37569142,1,McKinney
26028657,,31,1,"Home to Share in Craig Ranch (McKinney, TX)",1,1,https://a0.muscache.com/im/pictures/aa1653fb-3b28-411a-abba-422870721b5c.jpg?aki_policy=x_large,0,,-96.7231,,33.16329,29,House,Private room,https://www.airbnb.com/rooms/26028657,1,McKinney
37859392,9.7,264,1,"""LADY BUTTERBUG COTTAGE"" IN HISTORIC MCKINNEY",2,4,https://a0.muscache.com/im/pictures/ade44a78-5725-4ca7-9c8c-4b9a0b23c1fb.jpg?aki_policy=x_large,33,,-96.62437,,33.19121,103.642,Cottage,Entire home/apt,https://www.airbnb.com/rooms/37859392,1,McKinney
28106195,9.8,37,1,Historic Hen House - Near Downtown McKinney Square,2,5,https://a0.muscache.com/im/pictures/3af7cf5b-3473-4339-afe9-1abd88334517.jpg?aki_policy=x_large,11,,-96.62566,,33.21246,165.562,Bungalow,Entire home/apt,https://www.airbnb.com/rooms/28106195,1,McKinney
23400396,10,306,1,The ‚ÄúLove Shack‚Äù in Historic Downtown McKinney,0,2,https://a0.muscache.com/im/pictures/3a03fbe3-03ad-457e-9bc4-7a5411e16e36.jpg?aki_policy=x_large,284,,-96.61906,,33.2011,101.045,Tiny house,Entire home/apt,https://www.airbnb.com/rooms/23400396,1,McKinney
22338725,10,274,1.5,Spa Bth New Kit Patio Fast WiFi. Desk Rm B,1,2,https://a0.muscache.com/im/pictures/c13cb9d8-bd2a-4613-9e44-bfbc8b353a6c.jpg?aki_policy=x_large,12,,-96.64845,,33.22809,68.8095,House,Private room,https://www.airbnb.com/rooms/22338725,1,McKinney
29338853,9.9,336,1,Location!! Location!! Historic Downtown McKinney,0,2,https://a0.muscache.com/im/pictures/09ea94bc-cfbb-4c81-aa2b-718806b50c43.jpg?aki_policy=x_large,98,,-96.61771,,33.20198,85.8911,Apartment,Entire home/apt,https://www.airbnb.com/rooms/29338853,1,McKinney
24769913,9.7,257,1,Master bedroom Quiet country farm,1,2,https://a0.muscache.com/im/pictures/18ed011c-0208-44ed-b6e3-af3eaa82079a.jpg?aki_policy=x_large,27,,-96.55595,,33.14605,36.1273,House,Private room,https://www.airbnb.com/rooms/24769913,1,McKinney
39392797,10,174,2,Entire home in quiet McKinney neighborhood!,3,7,https://a0.muscache.com/im/pictures/278e62f8-fb25-4f8c-a499-31f7a0f07c58.jpg?aki_policy=x_large,6,,-96.68477,,33.15115,100.847,House,Entire home/apt,https://www.airbnb.com/rooms/39392797,1,McKinney
18141770,10,17,1,The Sanctuary House McKinney TX. Single Bedroom BS,1,1,https://a0.muscache.com/im/pictures/abc87f3a-d05a-4486-9cca-5da895647a21.jpg?aki_policy=x_large,18,,-96.69687,,33.17715,85,House,Private room,https://www.airbnb.com/rooms/18141770,1,McKinney
25374837,9.8,317,1,Historic Hideaway & Library,1,4,https://a0.muscache.com/im/pictures/bb8f05f2-0e7d-487a-8e8c-e7bf42a8f1a6.jpg?aki_policy=x_large,8,,-96.62782,,33.19854,191.13,Bed and breakfast,Private room,https://www.airbnb.com/rooms/25374837,1,McKinney
8906112,9.8,331,1,Airstream Vintage Travel Trailer,1,4,https://a0.muscache.com/im/pictures/14b4bad2-4309-4d61-a988-75bcf24b2614.jpg?aki_policy=x_large,189,,-96.62871,,33.19465,54.7853,Camper/RV,Entire home/apt,https://www.airbnb.com/rooms/8906112,1,McKinney
6413175,9.7,70,2,"Relaxation Stay Sauna, Hot Tub/Pool Table",3,7,https://a0.muscache.com/im/pictures/09ce626e-e7e4-469a-98a2-266a73d9dde8.jpg?aki_policy=x_large,35,,-96.64474,,33.1949,249.17,House,Entire home/apt,https://www.airbnb.com/rooms/6413175,1,McKinney
37966132,9.8,227,1,April Skies **Historic Downtown McKinney Cottage**,3,6,https://a0.muscache.com/im/pictures/9d406df1-e856-4a40-bbe7-f78dc6fa3afe.jpg?aki_policy=x_large,30,,-96.62023,1849381vb,33.20434,165.532,Cottage,Entire home/apt,https://www.airbnb.com/rooms/37966132,1,McKinney
1001896681,0,19,2,McKinney Oaks - Fully Furnished 30+ Days,3,8,https://odis.homeaway.com/odis/listing/0dee9c53-7d81-4702-ae7e-f9af3b8b906e.c10.jpg,0,1210396vb,-96.6283947,,33.1780328,180.714,House,Entire home/apt,https://www.airbnb.com/rooms/1001896681,0,McKinney
31716249,10,116,3.5,Entire House,3,8,https://a0.muscache.com/im/pictures/2f843fbd-ef90-4d9b-9435-a2f196ee6f07.jpg?aki_policy=x_large,2,,-96.61686,,33.2076,199,Bed and breakfast,Private room,https://www.airbnb.com/rooms/31716249,0,McKinney
33532101,,59,1.5,"Private Room in spacious, lovely home!",1,2,https://a0.muscache.com/im/pictures/b9a23373-454f-488e-8b99-15c9a610398e.jpg?aki_policy=x_large,0,,-96.658,,33.2235,71.6667,House,Private room,https://www.airbnb.com/rooms/33532101,1,McKinney
39971642,,183,1,Attractive airbnb home near Allen Outlet mall,1,2,https://a0.muscache.com/im/pictures/89d6a45c-6ac3-4315-872f-240d0a012bef.jpg?aki_policy=x_large,0,,-96.70245,,33.1494,167.568,House,Private room,https://www.airbnb.com/rooms/39971642,1,McKinney
8411493,9,301,1,Home Decor from All Around theWorld,1,2,https://a0.muscache.com/im/pictures/f0c4d564-e6d8-4613-8699-18c068810397.jpg?aki_policy=x_large,3,,-96.69008,,33.16661,81.25,House,Private room,https://www.airbnb.com/rooms/8411493,1,McKinney
29543208,10,248,1,‚ù§Ô∏èQuiet 2bed 1 PRIVATE Bath w/ Smart TVs & Wifi‚ù§Ô∏è,2,4,https://a0.muscache.com/im/pictures/066ce8a4-069f-4521-a9fe-7cfb997f2742.jpg?aki_policy=x_large,2,,-96.75648,,33.19538,82.8137,House,Private room,https://www.airbnb.com/rooms/29543208,1,McKinney
38435957,9.2,86,1,Private Cozy Entire Apartment in McKinney Near 380,1,2,https://a0.muscache.com/im/pictures/8d9f6337-53cb-4e1e-a8f0-e6f5ff16b2e9.jpg?aki_policy=x_large,13,,-96.72948,,33.20615,67.5581,Apartment,Entire home/apt,https://www.airbnb.com/rooms/38435957,1,McKinney
31616718,10,47,1,Rest East in the Suburbs:),1,1,https://a0.muscache.com/im/pictures/603e8ec7-23b6-403c-bd8b-33c689f0e101.jpg?aki_policy=x_large,1,,-96.62981,,33.21171,31.2222,House,Private room,https://www.airbnb.com/rooms/31616718,1,McKinney
39458711,9.9,210,2,McKinney Mill District Bungalow,3,6,https://a0.muscache.com/im/pictures/ea416591-346a-4dbf-bd0e-4d6a064a52e0.jpg?aki_policy=x_large,20,,-96.614,7177140,33.191,121.347,Bungalow,Entire home/apt,https://www.airbnb.com/rooms/39458711,1,McKinney
39800212,10,155,1,Peaceful and Serene!,1,2,https://a0.muscache.com/im/pictures/7a19ec64-13f1-4665-848c-4ca6e155af31.jpg?aki_policy=x_large,9,,-96.73883,,33.1894,37.6021,Apartment,Private room,https://www.airbnb.com/rooms/39800212,1,McKinney
23626434,10,59,1,1956 Bungalow,2,5,https://a0.muscache.com/im/pictures/df7e2c7f-2fc6-4a34-80d5-02f8804280cc.jpg?aki_policy=x_large,24,,-96.62369,,33.21329,96.5091,Bungalow,Entire home/apt,https://www.airbnb.com/rooms/23626434,1,McKinney
36313351,10,227,1,Private Room/Bathroom-Business Traveler''s dream,1,2,https://a0.muscache.com/im/pictures/49ec4c3e-fe57-4c58-88bf-5b1210e2d640.jpg?aki_policy=x_large,9,,-96.73166,,33.1834,41.8831,Apartment,Private room,https://www.airbnb.com/rooms/36313351,1,McKinney
42512365,10,51,2.5,Spacious and New Family-friendly 2 floor Town-home,3,6,https://a0.muscache.com/im/pictures/0d10acc4-dc65-4814-b864-9529d7366a59.jpg?aki_policy=x_large,3,,-96.64195,,33.13146,161.068,Townhouse,Entire home/apt,https://www.airbnb.com/rooms/42512365,1,McKinney
36004923,10,85,1,Close to everywhere,1,3,https://a0.muscache.com/im/pictures/cab63f89-dba3-46bb-bd9d-fb7e38327db0.jpg?aki_policy=x_large,2,,-96.68507,,33.14475,31.8182,Apartment,Private room,https://www.airbnb.com/rooms/36004923,1,McKinney
24395315,9.9,346,1,Historic Downtown McKinney - 1 BR Guest Apartment,1,2,https://a0.muscache.com/im/pictures/00e09fbf-2d8b-401d-868e-587293b42e82.jpg?aki_policy=x_large,117,,-96.619,,33.206,84.7375,Guesthouse,Entire home/apt,https://www.airbnb.com/rooms/24395315,1,McKinney
3522884,9.8,277,2,Remodeled - Near Downtown McKinney,3,8,https://a0.muscache.com/im/pictures/de80c036-e0df-4e20-9e52-0a37b17a0ee1.jpg?aki_policy=x_large,219,,-96.64246,,33.19243,134.021,House,Entire home/apt,https://www.airbnb.com/rooms/3522884,1,McKinney
1001634912,10,277,2,Family Friendly Craftsman Near Historic Downtown,4,8,https://odis.homeaway.com/odis/listing/ec20311a-7496-41e8-91b0-5834a04744e0.c10.jpg,7,4626499,-96.61417241,,33.19361307,233.877,House,Entire home/apt,https://www.airbnb.com/rooms/1001634912,0,McKinney
25751602,10,132,1,"Clean, quiet, private room in Frisco home (B)",1,1,https://a0.muscache.com/im/pictures/6ca2f1fb-008b-4444-b0ca-de7205f94c2b.jpg?aki_policy=x_large,3,,-96.76561,,33.19303,52,House,Private room,https://www.airbnb.com/rooms/25751602,1,McKinney
39912984,9.5,200,2,Farmhouse Charm - Close to Downtown Mckinney!,3,6,https://a0.muscache.com/im/pictures/6ba24db9-19eb-4a88-abdc-863af9f91825.jpg?aki_policy=x_large,4,,-96.62718,1977772vb,33.19081,174.88,House,Entire home/apt,https://www.airbnb.com/rooms/39912984,1,McKinney
32895490,9,158,1,Craig Ranch|Corporate|Delightful 1BR apartment,1,2,https://a0.muscache.com/im/pictures/d95ec0cc-d1b7-4039-8268-4d028d64f053.jpg?aki_policy=x_large,4,,-96.71121,,33.13755,116.159,Apartment,Entire home/apt,https://www.airbnb.com/rooms/32895490,1,McKinney
38158469,,206,1,The Ultimate Glamping Experience,2,6,https://a0.muscache.com/im/pictures/54b0d5d3-38f7-433a-8610-23f774f9ec18.jpg?aki_policy=x_large,0,,-96.69194,,33.23737,105.511,Camper/RV,Entire home/apt,https://www.airbnb.com/rooms/38158469,1,McKinney
40234865,10,81,1,Medium Private Room,1,1,https://a0.muscache.com/im/pictures/e0397df6-8b3e-43fd-aa2e-93aad059ca0e.jpg?aki_policy=x_large,1,,-96.71975,,33.20812,25.5,House,Private room,https://www.airbnb.com/rooms/40234865,1,McKinney
32384553,10,245,1.5,"Country Cottage Retreat: King Bed, Jet Shower",1,3,https://a0.muscache.com/im/pictures/3bdd32e5-0d1f-4409-b531-d70e0218b0ad.jpg?aki_policy=x_large,64,,-96.65711,,33.29092,123.538,Guesthouse,Entire home/apt,https://www.airbnb.com/rooms/32384553,1,McKinney
37751686,9.5,89,2,"Quiet Near park,lake,movie ,Hwy,Down T. Mckinney.",3,6,https://a0.muscache.com/im/pictures/c17797b7-0a2f-4950-a5e5-64f892701893.jpg?aki_policy=x_large,26,,-96.62676,,33.18751,147.169,House,Entire home/apt,https://www.airbnb.com/rooms/37751686,1,McKinney
17021296,10,49,2,Oak Home - Beautiful View,3,8,https://a0.muscache.com/im/pictures/61ef774e-0668-429b-8af1-ff31cc52122c.jpg?aki_policy=x_large,1,,-96.62912,,33.17892,133.611,House,Entire home/apt,https://www.airbnb.com/rooms/17021296,1,McKinney
42344933,10,92,1,McKinney Luxury Stonebridge Ranch - Entire Space,2,4,https://a0.muscache.com/im/pictures/cb2a0fda-f9e1-45b6-9dda-5cb182930b36.jpg?aki_policy=x_large,3,,-96.72955,1918532vb,33.18062,152.174,Serviced apartment,Entire home/apt,https://www.airbnb.com/rooms/42344933,1,McKinney
40724816,6,202,1,Cozy 1 bed&1bath 20min from Stonebriar Mall,1,2,https://a0.muscache.com/im/pictures/32d72b8e-9ead-4908-81df-4fefe79c6526.jpg?aki_policy=x_large,2,,-96.73791,,33.18949,104.295,Apartment,Entire home/apt,https://www.airbnb.com/rooms/40724816,0,McKinney
18192642,9.5,285,1,Great home to stay/relax,1,2,https://a0.muscache.com/im/pictures/f80b211a-267c-41cf-9da6-65894dfeae23.jpg?aki_policy=x_large,75,,-96.7425,,33.1915,37.8053,House,Private room,https://www.airbnb.com/rooms/18192642,1,McKinney
34285725,9.9,331,1,"The ""Love Shack 2.0"" in Historic Downtown McKinney",1,2,https://a0.muscache.com/im/pictures/73e220af-46c2-4ed3-b4ab-0cbeef76b3bc.jpg?aki_policy=x_large,135,,-96.62022,,33.20101,95.8636,Tiny house,Entire home/apt,https://www.airbnb.com/rooms/34285725,1,McKinney
39553912,,213,1.5,Blue Bonnet Room,1,4,https://a0.muscache.com/im/pictures/6ded9d40-97b5-4263-8d3d-b9bc7a462e0f.jpg?aki_policy=x_large,0,,-96.6178,,33.20537,199,House,Private room,https://www.airbnb.com/rooms/39553912,1,McKinney
1000791942,10,335,3.5,Fantastic 1918 Farm House on 2 acres - completely restored & remodeled. Upscale!,4,12,https://odis.homeaway.com/odis/listing/c8430718-3a07-4bf3-9d08-512d81ca797a.c10.jpg,79,965932vb,-96.6280663,,33.1539212,340.273,House,Entire home/apt,https://www.airbnb.com/rooms/1000791942,1,McKinney
38660382,9.8,228,1,PIPER * Brand new * Private Apt. * BEAUTIFUL!!!,1,4,https://a0.muscache.com/im/pictures/42b79873-66a4-4bc1-9386-117a4eed90f6.jpg?aki_policy=x_large,20,,-96.74531,,33.20666,55.2604,Apartment,Entire home/apt,https://www.airbnb.com/rooms/38660382,1,McKinney
29591783,10,33,4,Ultra Luxurious McKinney retreat,5,15,https://a0.muscache.com/im/pictures/a65f7ccf-42e5-44cc-bb3c-4d1656b4f014.jpg?aki_policy=x_large,20,,-96.68841,,33.14988,271.781,House,Entire home/apt,https://www.airbnb.com/rooms/29591783,0,McKinney
27033256,9.9,85,2,"Cozy, Conveniently Located Home in Mckinney, TX",2,6,https://a0.muscache.com/im/pictures/9f7cbcc5-0533-468e-a989-e1a2457ffe6d.jpg?aki_policy=x_large,21,,-96.66983,,33.16449,112.487,House,Entire home/apt,https://www.airbnb.com/rooms/27033256,1,McKinney
37316174,9.8,219,1,"""The Northwestern"" Cozy, modern, downtown getaway",3,6,https://a0.muscache.com/im/pictures/dd6d0889-bf5f-44c7-b905-bf2c7df74333.jpg?aki_policy=x_large,25,,-96.61999,1743597vb,33.20393,152.36,House,Entire home/apt,https://www.airbnb.com/rooms/37316174,1,McKinney
33070638,10,301,1,Home sweet home,1,2,https://a0.muscache.com/im/pictures/49c0d2ce-e06d-43a6-b145-830e94deef08.jpg?aki_policy=x_large,1,,-96.75364,,33.20137,50.6818,House,Private room,https://www.airbnb.com/rooms/33070638,1,McKinney
