airbnb_property_id,rating,property_type,bathrooms,title,bedrooms,accommodates,adr,img_cover,reviews,longitude,latitude,days_available,room_type,airbnb_url,active_listing,market
27314635,9.9,House,1.0,2BR Near ‚úÆ Cowboys ‚úÆ Texas Live ‚úÆ Six Flags,2,4,88.214,https://a0.muscache.com/im/pictures/9a19a47f-ec06-4c38-94da-35d8d5bebf8c.jpg?aki_policy=x_large,28,-97.03624,32.77989,331,Private room,https://www.airbnb.com/rooms/27314635,1,Grand Prairie
42857816,8.7,House,1.0,1BR/Queen Bed,1,2,39.5758,https://a0.muscache.com/im/pictures/d7c15bad-c87e-4691-aae1-82a36be509ef.jpg?aki_policy=x_large,3,-97.01509,32.75412,181,Private room,https://www.airbnb.com/rooms/42857816,1,Grand Prairie
9861626,9.5,House,3.5,Cozy home near Joe Pool Lake --Entire home,6,8,555.455,https://a0.muscache.com/im/pictures/4540aac3-5233-44f5-ae34-9ca7ddeea928.jpg?aki_policy=x_large,4,-97.03802,32.59294,120,Entire home/apt,https://www.airbnb.com/rooms/9861626,1,Grand Prairie
39604706,,House,1.0,Charming & Spacious Private 1 BR (females only),0,1,35.4712,https://a0.muscache.com/im/pictures/889e0aff-7e2f-46e7-aee9-be077b39d44f.jpg?aki_policy=x_large,0,-96.99688,32.66619,152,Private room,https://www.airbnb.com/rooms/39604706,1,Grand Prairie
43437921,9.9,Apartment,1.0,‚ÄúThe LaValse‚Äù A Luxury Suite,1,2,100.818,https://a0.muscache.com/im/pictures/0126cc4a-e988-4a6a-a3e3-aeeb492829b1.jpg?aki_policy=x_large,17,-97.06163,32.6714,181,Entire home/apt,https://www.airbnb.com/rooms/43437921,1,Grand Prairie
1003659778,10.0,house,2.5,Your home away from home near AT&T Stadium.,3,8,102.994,https://odis.homeaway.com/odis/listing/7b14fc6c-b9d4-4d5f-ac5a-bd022242a044.c10.jpg,1,-97.03740885,32.78594573,234,Entire home/apt,https://www.airbnb.com/rooms/1003659778,1,Grand Prairie
28345676,8.7,House,1.0,Business Travel Private 1 BR (females only),1,1,31.2184,https://a0.muscache.com/im/pictures/6fdb5710-fc96-4467-a05b-d4636d724af2.jpg?aki_policy=x_large,3,-96.99701,32.66525,127,Private room,https://www.airbnb.com/rooms/28345676,1,Grand Prairie
8654399,9.8,House,2.0,Resort-Like Area Upscale Cozy & Gorgeous 3/2 Home,3,8,163.0,https://a0.muscache.com/im/pictures/109858796/6bb54bf9_original.jpg?aki_policy=x_large,106,-97.05328,32.59905,111,Entire home/apt,https://www.airbnb.com/rooms/8654399,1,Grand Prairie
20712861,9.6,House,1.0,Venice Gorgeous Huge Room in our Exclusive Home!!!,1,1,43.8722,https://a0.muscache.com/im/pictures/cb45def6-93d5-4ad3-85f3-d2108c824bb7.jpg?aki_policy=x_large,5,-97.04441,32.58943,251,Private room,https://www.airbnb.com/rooms/20712861,1,Grand Prairie
43186599,10.0,House,2.0,‚òÖ4BR‚òÖSpa CozyHome‚òÖKingbed‚òÖCowboys‚òÖLake‚òÖSanitized!,4,8,179.302,https://a0.muscache.com/im/pictures/e69fa22e-cbca-47ca-8735-d4c48a65bc71.jpg?aki_policy=x_large,15,-97.05327,32.66052,85,Entire home/apt,https://www.airbnb.com/rooms/43186599,1,Grand Prairie
30349088,9.6,House,2.0,"ü§†Dfw central,Backyard romance,Epicwater,outletmall",3,8,160.121,https://a0.muscache.com/im/pictures/b4a040d4-10f7-4686-8236-4a380cdc5ebf.jpg?aki_policy=x_large,99,-96.99806,32.66819,350,Entire home/apt,https://www.airbnb.com/rooms/30349088,1,Grand Prairie
13745443,9.8,Apartment,1.0,Cute Studio Apartment,1,3,75.9,https://a0.muscache.com/im/pictures/199f2897-f841-4609-945d-b3d0aae9e03b.jpg?aki_policy=x_large,481,-97.054,32.671,288,Entire home/apt,https://www.airbnb.com/rooms/13745443,1,Grand Prairie
44165040,9.7,House,2.5,Grand Paradise Lounge with Pool,6,10,371.623,https://a0.muscache.com/im/pictures/dca6c6d9-0b24-4a18-a99f-1d043c0f341e.jpg?aki_policy=x_large,6,-97.0084,32.65941,75,Entire home/apt,https://www.airbnb.com/rooms/44165040,1,Grand Prairie
41499517,9.8,House,2.0,Newly renovated large home for 16 people,4,16,293.98,https://a0.muscache.com/im/pictures/a5bfb45a-b9c3-4219-acae-f865f38719e0.jpg?aki_policy=x_large,13,-97.03222,32.76812,91,Entire home/apt,https://www.airbnb.com/rooms/41499517,1,Grand Prairie
27902915,9.6,Camper/RV,1.0,Airstream Retreat Near ‚úÆ Cowboys ‚úÆ Texas Live,1,5,75.9098,https://a0.muscache.com/im/pictures/6798c475-567d-42ee-a23c-3eb51468c977.jpg?aki_policy=x_large,158,-97.03922,32.78054,251,Entire home/apt,https://www.airbnb.com/rooms/27902915,1,Grand Prairie
43003260,8.0,House,1.0,Private Room in Grand Prairie (#2),1,2,38.0267,https://a0.muscache.com/im/pictures/c2c755c1-b6f1-40b6-94f0-db6b7a721ec5.jpg?aki_policy=x_large,3,-97.00095,32.68431,151,Private room,https://www.airbnb.com/rooms/43003260,1,Grand Prairie
43277769,9.2,Apartment,1.0,NEW! CLEAN GREEN Villa NEAR SHOPS +Wifi + KING BED,1,4,93.5466,https://a0.muscache.com/im/pictures/58cb66d8-8ed0-472d-bade-7890466eb2fe.jpg?aki_policy=x_large,5,-97.03752,32.68318,129,Entire home/apt,https://www.airbnb.com/rooms/43277769,1,Grand Prairie
21233127,10.0,House,2.5,"Stay, play & shop: Near Dallas Cowboys/TX Rangers",4,8,163.675,https://a0.muscache.com/im/pictures/ba86e0a7-fea5-4888-be1e-a678d658ff09.jpg?aki_policy=x_large,145,-97.05702,32.66962,288,Entire home/apt,https://www.airbnb.com/rooms/21233127,1,Grand Prairie
1004175330,0.0,house,2.0,Grand Prairie - Cozy Modern Home - Great location for a DFW stay!,3,6,130.0,https://odis.homeaway.com/odis/listing/e24ec844-69c1-4f47-a32a-a59592c88ae1.c10.jpg,0,-97.04666691,32.72887473,178,Entire home/apt,https://www.airbnb.com/rooms/1004175330,1,Grand Prairie
1003978623,10.0,house,2.0,"Step Back in time. Short Drive to AT&T Stadium, Six Flags, Ball park",3,11,243.0,https://media.vrbo.com/lodging/45000000/44220000/44218200/44218158/0daf4c1e.c10.jpg,1,-97.03510892,32.75026772,33,Entire home/apt,https://www.airbnb.com/rooms/1003978623,1,Grand Prairie
42474454,9.6,Apartment,2.0,Your Home away from Home! Entire Apartment!,2,5,78.9724,https://a0.muscache.com/im/pictures/6e0c9ca2-0a4f-44c1-aa1c-bbebb663b5a7.jpg?aki_policy=x_large,33,-97.05201,32.72918,267,Entire home/apt,https://www.airbnb.com/rooms/42474454,1,Grand Prairie
42435951,9.7,House,2.0,The Old Downtown Historic Grand Prairie House,4,8,318.6,https://a0.muscache.com/im/pictures/9905db14-3dfe-4204-87f8-5b6f40fc538c.jpg?aki_policy=x_large,7,-97.00595,32.74737,180,Entire home/apt,https://www.airbnb.com/rooms/42435951,1,Grand Prairie
36444858,10.0,House,1.5,Private cozy room near Dallas and Arlington,1,2,35.0976,https://a0.muscache.com/im/pictures/59b5b537-3b12-4eed-bbec-25fb67de52b2.jpg?aki_policy=x_large,1,-97.01884,32.70063,56,Private room,https://www.airbnb.com/rooms/36444858,1,Grand Prairie
27313565,9.7,House,1.5,1BR/Queen Bed - Verizon Theatre ‚úÆ Rangers ‚úÆAirport,1,2,47.3744,https://a0.muscache.com/im/pictures/fa9b9af0-63a9-4841-88a2-9c0e76249663.jpg?aki_policy=x_large,39,-97.0367,32.78122,326,Private room,https://www.airbnb.com/rooms/27313565,1,Grand Prairie
31699245,9.7,House,1.5,Private room near Arlington & Dallas . . .,1,2,41.9113,https://a0.muscache.com/im/pictures/e350854c-9d06-4048-b091-88541fafcf8e.jpg?aki_policy=x_large,14,-97.01917,32.70119,123,Private room,https://www.airbnb.com/rooms/31699245,1,Grand Prairie
23120488,9.9,House,1.0,1BR/2Twin Beds - Near Cowboys‚úÆRangers ‚úÆDFW Airport,1,2,42.372,https://a0.muscache.com/im/pictures/750cf552-5120-41c6-9e73-99ef762b9c24.jpg?aki_policy=x_large,54,-97.03749,32.77852,366,Private room,https://www.airbnb.com/rooms/23120488,1,Grand Prairie
31696369,9.7,House,1.5,Private room near Arlington & Dallas,1,2,37.9095,https://a0.muscache.com/im/pictures/8d110e0b-d36a-42f1-8f4f-2df3ecdf5b95.jpg?aki_policy=x_large,14,-97.01937,32.70115,113,Private room,https://www.airbnb.com/rooms/31696369,1,Grand Prairie
36606399,8.8,House,2.5,Home away from Home!,3,8,139.792,https://a0.muscache.com/im/pictures/a0a7bd0c-ba8b-4811-b74e-92ee5d80c088.jpg?aki_policy=x_large,58,-96.9978,32.66394,307,Entire home/apt,https://www.airbnb.com/rooms/36606399,1,Grand Prairie
32341043,9.5,House,1.0,"Room whit shared bathroom, room #3",1,2,34.9304,https://a0.muscache.com/im/pictures/0390520c-3775-4f5a-a96c-568f7977e7eb.jpg?aki_policy=x_large,128,-97.00648,32.7162,354,Private room,https://www.airbnb.com/rooms/32341043,1,Grand Prairie
44261748,9.4,House,2.0,Beautiful relaxing home just a walk from the lake!,3,7,199.48,https://a0.muscache.com/im/pictures/0d2effa3-e121-490d-9c25-7bfdec45b7e0.jpg?aki_policy=x_large,14,-97.02364,32.6447,120,Entire home/apt,https://www.airbnb.com/rooms/44261748,1,Grand Prairie
42566508,9.1,Apartment,1.0,NEW! CLEAN RED King Villa NEAR SHOPS + POOL + Wifi,1,4,92.1241,https://a0.muscache.com/im/pictures/ec0b8299-9bcc-49b7-b6dc-028ba61018d2.jpg?aki_policy=x_large,11,-97.03631,32.68486,163,Entire home/apt,https://www.airbnb.com/rooms/42566508,1,Grand Prairie
39367649,10.0,House,1.0,Guest Room in Quiet Neighborhood,1,2,31.9649,https://a0.muscache.com/im/pictures/4e30d316-f009-4989-a494-89aef46c603b.jpg?aki_policy=x_large,4,-97.02118,32.66117,151,Private room,https://www.airbnb.com/rooms/39367649,1,Grand Prairie
1000369884,10.0,house,2.0,"Resort-Like Upscale Area Cozy & Gorgeous 3 Bedroom, a Loft and 2 Bath Retreat",3,8,194.388,https://media.vrbo.com/lodging/34000000/33560000/33556600/33556593/180-58575b5b.c10.jpg,40,-97.0563635,32.60252627,295,Entire home/apt,https://www.airbnb.com/rooms/1000369884,1,Grand Prairie
30684343,9.7,House,2.5,6mi from Cowboys Stadium/pool table/surround sound,3,8,217.778,https://a0.muscache.com/im/pictures/ff34ea2a-afd0-42f9-be11-1930f3810e4f.jpg?aki_policy=x_large,7,-97.05535,32.65792,12,Entire home/apt,https://www.airbnb.com/rooms/30684343,1,Grand Prairie
43990360,10.0,House,2.5,Sweet Escape Grand Prairie: 3000sf Rustic Modern,6,16,400.247,https://a0.muscache.com/im/pictures/fccc4feb-22bc-41d5-91f9-ba29eb8012ca.jpg?aki_policy=x_large,14,-97.03754,32.64109,120,Entire home/apt,https://www.airbnb.com/rooms/43990360,1,Grand Prairie
35353543,9.8,Townhouse,2.5,Style and Comfort near AT&T stadium!,3,8,118.006,https://a0.muscache.com/im/pictures/9196f682-7c04-4ca3-b2d5-1ecc06fd1b54.jpg?aki_policy=x_large,84,-97.03365,32.78578,217,Entire home/apt,https://www.airbnb.com/rooms/35353543,1,Grand Prairie
41567329,10.0,Condominium,2.0,2b/2bth Furnished w/King bed 1stflr unit(GP46-A),2,4,90.0147,https://a0.muscache.com/im/pictures/ba130973-db42-4dd3-8ceb-943658e99b4e.jpg?aki_policy=x_large,1,-97.06154,32.76846,84,Entire home/apt,https://www.airbnb.com/rooms/41567329,1,Grand Prairie
27552093,10.0,House,1.5,1BR/Queen Near ‚úÆ Cowboys ‚úÆ Rangers ‚úÆ Texas Live,1,2,42.2216,https://a0.muscache.com/im/pictures/a6a8273a-8f16-4eef-aa0e-674c1652ec70.jpg?aki_policy=x_large,31,-97.03579,32.77989,329,Private room,https://www.airbnb.com/rooms/27552093,1,Grand Prairie
42373497,10.0,House,2.0,Fireside Family‚ù§Ô∏è Love Texas,3,10,201.837,https://a0.muscache.com/im/pictures/35601f7f-c15d-4c02-9e02-f0025c663f37.jpg?aki_policy=x_large,4,-97.05523,32.68637,147,Entire home/apt,https://www.airbnb.com/rooms/42373497,1,Grand Prairie
45851057,,Apartment,1.0,Modern Upscale Apartment Home! 15mins From Dallas,1,2,97.7143,https://a0.muscache.com/im/pictures/22b503e4-e76e-4b99-9fc3-7aec988842cf.jpg?aki_policy=x_large,0,-97.05913,32.79121,31,Entire home/apt,https://www.airbnb.com/rooms/45851057,1,Grand Prairie
1003450637,10.0,house,2.0,"Great Location! Updated, charming 3/2 waiting for you!!",3,8,181.772,https://odis.homeaway.com/odis/listing/baaf3a2f-9132-4cc4-87d9-128a2429235c.c10.jpg,7,-96.9897753,32.7545437,223,Entire home/apt,https://www.airbnb.com/rooms/1003450637,1,Grand Prairie
44538749,10.0,House,2.5,Claremont House - 4-Bd 2.5-Bth in Grand Prairie,4,10,158.333,https://a0.muscache.com/im/pictures/09bf3667-4a2e-4360-b9ed-374919bdf904.jpg?aki_policy=x_large,1,-97.03485,32.6672,23,Entire home/apt,https://www.airbnb.com/rooms/44538749,1,Grand Prairie
34183515,10.0,House,1.5,Beautiful Private Room /Grand Prairie/ Only Female,1,2,20.0,https://a0.muscache.com/im/pictures/c116e066-6872-4146-a7bc-ce9bf4268b4c.jpg?aki_policy=x_large,4,-97.02302,32.6458,64,Private room,https://www.airbnb.com/rooms/34183515,1,Grand Prairie
36912445,9.8,House,2.0,C02. Single guest only! LOWEST Cost Private Room,1,1,28.075,https://a0.muscache.com/im/pictures/7398ce81-59be-4fa0-b101-81d499d8bbc9.jpg?aki_policy=x_large,12,-97.009,32.683,265,Private room,https://www.airbnb.com/rooms/36912445,1,Grand Prairie
36912711,,House,2.0,"C04. Lowest Cost Private Room, Single guest only !",1,1,31.1429,https://a0.muscache.com/im/pictures/7398ce81-59be-4fa0-b101-81d499d8bbc9.jpg?aki_policy=x_large,0,-97.009,32.683,151,Private room,https://www.airbnb.com/rooms/36912711,1,Grand Prairie
39504353,9.7,House,1.0,Newly Renovated Studio In The Middle Of It All,0,3,70.2088,https://a0.muscache.com/im/pictures/ab9ad7cf-ace5-4902-a3da-0038c68612e0.jpg?aki_policy=x_large,43,-97.03412,32.76966,144,Entire home/apt,https://www.airbnb.com/rooms/39504353,1,Grand Prairie
1008125427,10.0,House,2.5,"""NEW"" House near Stadiums, DFW, Lake and Parks",4,8,269.0,https://odis.homeaway.com/odis/listing/5e7bb745-ef47-4769-8879-c7923babdca4.c10.jpg,1,-96.9841407,32.7103074,114,Entire home/apt,https://www.airbnb.com/rooms/1008125427,1,Grand Prairie
22014503,9.7,House,2.5,"Beautiful, secluded Lake Ridge home!",1,10,223.203,https://a0.muscache.com/im/pictures/f31441c0-e7b2-471f-b38e-39a7ea03011e.jpg?aki_policy=x_large,91,-97.03152,32.6442,256,Entire home/apt,https://www.airbnb.com/rooms/22014503,1,Grand Prairie
32049344,9.6,House,1.0,"Room whit shared bathroom, room # 2.",1,2,34.1157,https://a0.muscache.com/im/pictures/d17d8178-8ced-407d-8a50-7d249fcb5145.jpg?aki_policy=x_large,133,-97.00642,32.71775,344,Private room,https://www.airbnb.com/rooms/32049344,1,Grand Prairie
29964560,,House,1.0,The Little Home,1,1,74.0,https://a0.muscache.com/im/pictures/050d0df5-23df-42cb-a9b1-36716b0850e3.jpg?aki_policy=x_large,0,-97.05689,32.68872,121,Private room,https://www.airbnb.com/rooms/29964560,1,Grand Prairie
45844472,,House,2.5,"WOW! NEW HOUSE,NEAR DFW AIRPORT,AT&T STADIUM,LAKE",3,10,305.444,https://a0.muscache.com/im/pictures/3e0715de-905d-4173-9caf-fb8202c0aa6c.jpg?aki_policy=x_large,0,-97.05994,32.63836,31,Entire home/apt,https://www.airbnb.com/rooms/45844472,1,Grand Prairie
14253397,9.6,House,1.0,Sunny room off I-30 & 161,1,2,33.2466,https://a0.muscache.com/im/pictures/19dd725c-ce73-4b82-a9ec-b2dd4484dc0b.jpg?aki_policy=x_large,120,-97.01953,32.76222,292,Private room,https://www.airbnb.com/rooms/14253397,1,Grand Prairie
45449427,,Townhouse,2.0,Clean 3 Bedroom Town Home w Parking,3,6,215.286,https://a0.muscache.com/im/pictures/dc5465d3-bf8d-4fda-8996-b00eb3c9d9e2.jpg?aki_policy=x_large,0,-97.03139,32.68482,58,Entire home/apt,https://www.airbnb.com/rooms/45449427,1,Grand Prairie
31760364,9.2,House,2.0,C08. Single guest only! LOWEST Cost Private Room,1,1,24.1631,https://a0.muscache.com/im/pictures/98d866bc-8aac-4a5f-972a-3e92670d843f.jpg?aki_policy=x_large,10,-97.00915,32.68423,274,Private room,https://www.airbnb.com/rooms/31760364,1,Grand Prairie
34721355,9.8,House,1.5,Exotic Private room near Arlington & Dallas,1,2,41.9452,https://a0.muscache.com/im/pictures/ae93de05-cb9f-4f8a-8d14-e1baa3e5890c.jpg?aki_policy=x_large,13,-97.01789,32.69923,238,Private room,https://www.airbnb.com/rooms/34721355,1,Grand Prairie
36604321,8.0,House,1.0,Older home for long term stays,1,1,24.5347,https://a0.muscache.com/im/pictures/0e9803f2-bdcc-494a-805a-b7affaba629b.jpg?aki_policy=x_large,1,-97.01572,32.75298,213,Private room,https://www.airbnb.com/rooms/36604321,1,Grand Prairie
14262295,9.8,House,1.0,Amiable room off I-30 & 161,1,1,31.0186,https://a0.muscache.com/im/pictures/d8bd278a-434b-49a9-b035-6a710cda855a.jpg?aki_policy=x_large,89,-97.01915,32.76205,311,Private room,https://www.airbnb.com/rooms/14262295,1,Grand Prairie
32469013,9.2,House,2.0,Memory Maker in the Heart of DFW - metroplex,4,14,123.731,https://a0.muscache.com/im/pictures/9150cf4c-6167-44ab-9904-fb5da300964e.jpg?aki_policy=x_large,77,-97.0416,32.68266,356,Entire home/apt,https://www.airbnb.com/rooms/32469013,1,Grand Prairie
42332210,10.0,House,1.0,"Stunning King Suite, WIFI, Gym, Free Parking",1,2,71.8333,https://a0.muscache.com/im/pictures/b283c620-bbdc-44cd-9957-7ee5b20f5c0f.jpg?aki_policy=x_large,6,-97.04988,32.58377,158,Private room,https://www.airbnb.com/rooms/42332210,1,Grand Prairie
27344273,9.0,House,2.0,4BR/2BA Home Near Cowboys ‚úÆ Rangers ‚úÆ Texas Live,4,10,275.92,https://a0.muscache.com/im/pictures/54bdab49-e5a1-4e68-8906-c3bb88f886d0.jpg?aki_policy=x_large,22,-97.03665,32.77935,273,Entire home/apt,https://www.airbnb.com/rooms/27344273,1,Grand Prairie
40259450,9.3,Townhouse,2.0,Family Style 3BR Home In A Quiet Neighborhood,3,6,101.481,https://a0.muscache.com/im/pictures/2d17df3d-0104-4f2a-97a4-3c1cfd04f629.jpg?aki_policy=x_large,8,-96.98928,32.69484,140,Entire home/apt,https://www.airbnb.com/rooms/40259450,1,Grand Prairie
32836563,8.7,House,1.0,Awesome Spacious Chicago Room in our Nice Home!!!,1,1,45.7059,https://a0.muscache.com/im/pictures/cb45def6-93d5-4ad3-85f3-d2108c824bb7.jpg?aki_policy=x_large,3,-97.04903,32.58824,99,Private room,https://www.airbnb.com/rooms/32836563,1,Grand Prairie
28409563,9.7,House,1.0,Upstairs Bedroom A,1,2,34.7118,https://a0.muscache.com/im/pictures/9d95cd6f-f0e7-4940-b66b-d81c6ca5b0c3.jpg?aki_policy=x_large,7,-97.05683,32.6884,268,Private room,https://www.airbnb.com/rooms/28409563,1,Grand Prairie
37564068,7.1,House,3.0,"Dallas! Near AT&T üèâ, LAKES & PARTS. Up-20+ guests!",5,16,369.974,https://a0.muscache.com/im/pictures/77069e19-5c26-4bdc-83f5-aee080319707.jpg?aki_policy=x_large,9,-97.05763,32.6229,187,Entire home/apt,https://www.airbnb.com/rooms/37564068,1,Grand Prairie
41458485,9.6,House,2.0,3BR/2BA Home Near Cowboys ‚úÆ Rangers ‚úÆ Verizon Thea,3,8,231.378,https://a0.muscache.com/im/pictures/f273e4dc-4cfa-4472-9a4c-fd5c9dc9bdf1.jpg?aki_policy=x_large,9,-97.01655,32.75481,132,Entire home/apt,https://www.airbnb.com/rooms/41458485,1,Grand Prairie
43723527,10.0,House,2.5,"Lakefront, Dallas Skyline, Private Dock, Sleep 6",3,6,188.143,https://a0.muscache.com/im/pictures/ae61befe-83f0-4150-a792-14f03f558592.jpg?aki_policy=x_large,10,-96.97499,32.71951,79,Entire home/apt,https://www.airbnb.com/rooms/43723527,1,Grand Prairie
35768374,9.8,House,1.0,Fun and beautiful duplex with private pool,2,6,150.0,https://a0.muscache.com/im/pictures/8bc500b7-b01b-481e-853a-56ef3a1efa3f.jpg?aki_policy=x_large,26,-97.00911,32.69979,5,Entire home/apt,https://www.airbnb.com/rooms/35768374,1,Grand Prairie
1003134411,10.0,Bungalow,1.0,Spacious Private Pad,1,3,65.9424,https://media.vrbo.com/lodging/36000000/35270000/35268500/35268431/f00c4bfa.c10.jpg,6,-97.03606684,32.77505722,305,Entire home/apt,https://www.airbnb.com/rooms/1003134411,1,Grand Prairie
38042066,9.4,House,2.5,Your Dream House For BIG Groups Stay With HEATED POOL,5,16,336.735,https://a0.muscache.com/im/pictures/17c5e1bc-8dda-45e6-8deb-2086cf976bf3.jpg?aki_policy=x_large,83,-97.01465,32.7619,327,Entire home/apt,https://www.airbnb.com/rooms/38042066,1,Grand Prairie
40059667,,House,3.0,Elegant urban living in the heart of DFW,4,9,130.233,https://a0.muscache.com/im/pictures/efab6ee1-7abb-48d2-bd6d-7e91e6c68415.jpg?aki_policy=x_large,0,-97.01218,32.76113,81,Entire home/apt,https://www.airbnb.com/rooms/40059667,1,Grand Prairie
36911990,8.0,House,2.0,C03. Single guest only! LOWEST Cost Private Room,1,1,30.3333,https://a0.muscache.com/im/pictures/7398ce81-59be-4fa0-b101-81d499d8bbc9.jpg?aki_policy=x_large,1,-97.02918,32.67998,92,Private room,https://www.airbnb.com/rooms/36911990,1,Grand Prairie
40195565,9.7,House,2.0,"""DENMARK""*POOL*TABLE SHUFFLEBOARD*GAMEROOM*FIREPIT",3,9,285.35,https://a0.muscache.com/im/pictures/4c9e1ab2-9ef6-4bd4-8a7f-b15d231d8347.jpg?aki_policy=x_large,85,-97.02599,32.75525,330,Entire home/apt,https://www.airbnb.com/rooms/40195565,1,Grand Prairie
42456458,9.7,Townhouse,2.0,Beautiful 3 Bedroom Townhome w Free Parking&Coffee,3,10,205.247,https://a0.muscache.com/im/pictures/6c2fe868-d13e-420f-b243-7ebc0989be93.jpg?aki_policy=x_large,7,-97.02788,32.68327,193,Entire home/apt,https://www.airbnb.com/rooms/42456458,1,Grand Prairie
36911149,10.0,House,2.0,C01. Single guest only! LOWEST Cost Private Room,1,1,27.4348,https://a0.muscache.com/im/pictures/8de0fed1-bc26-477e-a14d-5eafd2751376.jpg?aki_policy=x_large,1,-97.02891,32.68062,122,Private room,https://www.airbnb.com/rooms/36911149,1,Grand Prairie
32914153,10.0,House,2.0,Prairie Rose,3,6,176.947,https://a0.muscache.com/im/pictures/fea46d83-594a-4a9a-9af9-2ce6236e7d4a.jpg?aki_policy=x_large,9,-96.99022,32.75387,127,Entire home/apt,https://www.airbnb.com/rooms/32914153,1,Grand Prairie
40928340,7.9,Townhouse,2.0,3Bedroom 2King1Queen Beautiful& Spacious Townhome,3,10,139.24,https://a0.muscache.com/im/pictures/5a25ab10-b899-480c-ac4e-7fc28995c2b5.jpg?aki_policy=x_large,16,-97.03743,32.68437,181,Entire home/apt,https://www.airbnb.com/rooms/40928340,1,Grand Prairie
22482638,9.8,House,1.0,Home Close to Events-Airport Shuttle,1,2,29.8,https://a0.muscache.com/im/pictures/7c7dea11-e855-4360-aa65-7d574f269b02.jpg?aki_policy=x_large,220,-97.02392,32.76312,10,Private room,https://www.airbnb.com/rooms/22482638,1,Grand Prairie
43069760,10.0,House,1.0,"Spacious Queen Bed, WIFI, Gym, Parking",1,2,48.2605,https://a0.muscache.com/im/pictures/8e783c76-34cf-4a05-8f79-74e7dab53b7d.jpg?aki_policy=x_large,11,-97.05078,32.58317,170,Private room,https://www.airbnb.com/rooms/43069760,1,Grand Prairie
34175506,9.0,House,1.5,Beautiful Private Room /Grand Prairie/ Only Female,1,2,20.0,https://a0.muscache.com/im/pictures/ace8658b-d99d-4235-97d8-fca910cece24.jpg?aki_policy=x_large,6,-97.02328,32.64551,43,Private room,https://www.airbnb.com/rooms/34175506,1,Grand Prairie
16722473,9.4,House,2.0,Centrally located home away from home,3,8,129.342,https://a0.muscache.com/im/pictures/088eabc6-a8c8-4dbb-9a6d-f079a6b3055f.jpg?aki_policy=x_large,126,-96.98909,32.753,261,Entire home/apt,https://www.airbnb.com/rooms/16722473,1,Grand Prairie
43038702,9.6,Apartment,1.0,Newly Renovated Large Studio Apartment/ Balcony,1,3,76.4867,https://a0.muscache.com/im/pictures/ac6c6322-b598-470e-88a3-259aa8bbe5ed.jpg?aki_policy=x_large,49,-97.03567,32.76841,138,Entire home/apt,https://www.airbnb.com/rooms/43038702,1,Grand Prairie
24662141,10.0,House,1.5,The Manor''s Rest and Relaxation guest quarters,1,2,56.7316,https://a0.muscache.com/im/pictures/0df1b286-0bc3-4093-81ad-5847f7e79dfb.jpg?aki_policy=x_large,9,-97.03667,32.64153,108,Private room,https://www.airbnb.com/rooms/24662141,1,Grand Prairie
32086271,9.9,House,1.0,Grand Treehouse close to Cowboys and Six Flags,3,10,435.393,https://a0.muscache.com/im/pictures/52c63c9e-ea4d-4565-ac4a-8654f328e940.jpg?aki_policy=x_large,24,-97.01466,32.75469,349,Entire home/apt,https://www.airbnb.com/rooms/32086271,1,Grand Prairie
44556518,,Condominium,2.0,2bd/2bth Furnished King bed- 1st flr(ARLGP66-B),2,5,84.0,https://a0.muscache.com/im/pictures/miso/Hosting-44556518/original/ca10bee9-dee9-43c5-8415-c8409730c2fd.jpeg?aki_policy=x_large,0,-97.06106,32.76879,31,Entire home/apt,https://www.airbnb.com/rooms/44556518,1,Grand Prairie
45775993,,House,2.0,College Dorm House_352House,1,6,20.0,https://a0.muscache.com/im/pictures/7884cd64-6953-46d7-b740-2b73c65f16ff.jpg?aki_policy=x_large,0,-97.00426,32.80098,31,Shared room,https://www.airbnb.com/rooms/45775993,1,Grand Prairie
41927918,10.0,Condominium,2.0,GP-B-Arlington 2bd/2ba Furnished King Bed 1stFlr,2,5,85.0,https://a0.muscache.com/im/pictures/7df05525-3622-4773-b29b-fcdf8baa1711.jpg?aki_policy=x_large,1,-97.0618,32.7667,10,Entire home/apt,https://www.airbnb.com/rooms/41927918,1,Grand Prairie
20484378,10.0,Guest suite,1.0,"Private 2nd floor Loft: 2Rms,1Bth,Gym,opt 2nd bdrm",1,2,58.9509,https://a0.muscache.com/im/pictures/9f97e3eb-9143-4454-9fa5-48ea181be446.jpg?aki_policy=x_large,1,-97.03905,32.65405,98,Entire home/apt,https://www.airbnb.com/rooms/20484378,1,Grand Prairie
39591501,9.9,House,2.0,Luxury House Dallas DFW AT&T Globe Life Field,3,12,207.589,https://a0.muscache.com/im/pictures/miso/Hosting-39591501/original/23a4f428-e524-4fab-9be8-37da5eb35987.jpeg?aki_policy=x_large,58,-97.036,32.694,361,Entire home/apt,https://www.airbnb.com/rooms/39591501,1,Grand Prairie
37288744,9.7,House,2.0,Spacious Game Room Pool Table! Sparkling Clean!,3,8,134.338,https://a0.muscache.com/im/pictures/9cf183bc-aedf-42de-9fba-c5589c21264f.jpg?aki_policy=x_large,76,-96.99452,32.70363,277,Entire home/apt,https://www.airbnb.com/rooms/37288744,1,Grand Prairie
45171919,10.0,House,2.5,Beautiful & Spacious 3 Bedroom Home Getaway,3,8,317.4,https://a0.muscache.com/im/pictures/5c2d6b1a-e9cf-4fe7-bf78-b6d1935568f7.jpg?aki_policy=x_large,1,-97.0555,32.65254,61,Entire home/apt,https://www.airbnb.com/rooms/45171919,1,Grand Prairie
21037650,,House,1.0,Centrally located. Close to airport.,1,3,99.0,https://a0.muscache.com/im/pictures/3bddafeb-72a9-4638-b1a0-32349a8ce739.jpg?aki_policy=x_large,0,-97.06125,32.62361,174,Private room,https://www.airbnb.com/rooms/21037650,1,Grand Prairie
42473037,10.0,Apartment,1.0,Private room by Cowboys Stadium and Six Flags!,1,4,77.2956,https://a0.muscache.com/im/pictures/12e37ae6-3c88-4559-bb57-0d1cfc94de82.jpg?aki_policy=x_large,3,-97.05133,32.7287,214,Private room,https://www.airbnb.com/rooms/42473037,1,Grand Prairie
25902859,10.0,House,2.0,Cozy Home Near AT&T Stadium,3,8,163.889,https://a0.muscache.com/im/pictures/6c209eb3-cef7-4e88-9e78-5268eba73623.jpg?aki_policy=x_large,18,-97.03879,32.66533,18,Entire home/apt,https://www.airbnb.com/rooms/25902859,1,Grand Prairie
19122325,9.8,House,2.5,Beautiful Waterfront Townhouse near AT&T Stadium,3,8,174.735,https://a0.muscache.com/im/pictures/63dde891-e0e0-490b-bc65-5e2cc918b2cf.jpg?aki_policy=x_large,86,-97.01975,32.6421,236,Entire home/apt,https://www.airbnb.com/rooms/19122325,1,Grand Prairie
1011629526,10.0,house,2.0,Large Home/Slp 16+/Fireplace/Deck/By 6 Flags/DFW,4,16,320.906,https://odis.homeaway.com/odis/listing/b649ce3f-288a-48bb-a8e1-efb2e96bbdc3.c10.jpg,1,-97.0330179383453,32.7688699854689,85,Entire home/apt,https://www.airbnb.com/rooms/1011629526,1,Grand Prairie
41396747,9.0,Townhouse,2.0,3Bedroom Townhome W No Shared Walls & Free Parking,3,8,179.625,https://a0.muscache.com/im/pictures/09a93ff3-f3cb-484f-9862-76de2ee148e1.jpg?aki_policy=x_large,35,-97.0299,32.68363,276,Entire home/apt,https://www.airbnb.com/rooms/41396747,1,Grand Prairie
34842148,9.3,House,2.5,NEWLY RENOVATED! Two Story Home in GP/Arlington,4,10,218.915,https://a0.muscache.com/im/pictures/8e826bfa-a053-4291-8c2c-d5758c4c10c2.jpg?aki_policy=x_large,52,-97.05105,32.68708,361,Entire home/apt,https://www.airbnb.com/rooms/34842148,1,Grand Prairie
40433090,10.0,Apartment,1.0,"Nice place,quiet mostly. I am usually out for work",1,2,55.0,https://a0.muscache.com/im/pictures/e85d5686-0e42-4bae-840d-bf09f424ab17.jpg?aki_policy=x_large,1,-97.05542,32.80018,92,Private room,https://www.airbnb.com/rooms/40433090,1,Grand Prairie
42477924,8.8,Apartment,1.0,NEW! CLEAN BLUE Villa NEAR SHOPS +Wifi + KING BED,1,4,85.8362,https://a0.muscache.com/im/pictures/af4196cc-3c63-41b4-983a-dcba6d0b152a.jpg?aki_policy=x_large,8,-97.0377,32.68304,211,Entire home/apt,https://www.airbnb.com/rooms/42477924,1,Grand Prairie
29709981,9.9,House,1.0,Lewis Guest room,1,2,23.4874,https://a0.muscache.com/im/pictures/33f9ca83-46f4-483a-89ff-7d9cfaaa9e0c.jpg?aki_policy=x_large,47,-97.05458,32.66745,246,Private room,https://www.airbnb.com/rooms/29709981,1,Grand Prairie
29160097,10.0,House,1.5,Getaway spot!,1,6,225.0,https://a0.muscache.com/im/pictures/8cc9abe9-2cd7-46ee-b5fd-7d18f048d866.jpg?aki_policy=x_large,1,-97.03647,32.64201,31,Shared room,https://www.airbnb.com/rooms/29160097,1,Grand Prairie
45742818,,House,1.0,Beautiful private room & Bath ( female or couple),1,2,50.4444,https://a0.muscache.com/im/pictures/cc2385a6-01eb-44a4-a488-f20a4317d5e1.jpg?aki_policy=x_large,0,-97.01577,32.68753,31,Private room,https://www.airbnb.com/rooms/45742818,1,Grand Prairie
45674827,,Loft,1.0,One bed room apartment,1,4,75.0,https://a0.muscache.com/im/pictures/28be8f6d-c653-4026-9a1e-21f44864a015.jpg?aki_policy=x_large,0,-97.06013,32.68393,31,Entire home/apt,https://www.airbnb.com/rooms/45674827,1,Grand Prairie
40763379,,House,1.0,Guest room and bath in quiet neighborhood,1,1,40.0,https://a0.muscache.com/im/pictures/01d0d1a5-beaa-4a00-9e2a-c6fdc1be02b5.jpg?aki_policy=x_large,0,-97.03779,32.77728,34,Private room,https://www.airbnb.com/rooms/40763379,1,Grand Prairie
1004297678,8.0,House,2.0,"Clean, quiet townhome with No shared walls",3,8,187.546,https://odis.homeaway.com/odis/listing/7048180b-8545-4a58-a8a5-6e20507d63bf.c10.jpg,5,-97.04096152,32.68622284,136,Entire home/apt,https://www.airbnb.com/rooms/1004297678,1,Grand Prairie
40324346,10.0,House,1.0,Quite private rooms in nice area,1,2,34.2299,https://a0.muscache.com/im/pictures/aa294fc7-5bd9-4b98-ab90-d699164c59d3.jpg?aki_policy=x_large,1,-97.01091,32.65215,185,Private room,https://www.airbnb.com/rooms/40324346,1,Grand Prairie
26809000,9.8,House,2.0,Next Door Home Away From Home,3,6,138.518,https://a0.muscache.com/im/pictures/b255c477-a09e-4bc5-9b97-6a85ef35dbb6.jpg?aki_policy=x_large,198,-96.9999,32.75732,330,Entire home/apt,https://www.airbnb.com/rooms/26809000,1,Grand Prairie
40731609,10.0,Apartment,1.5,Comfortable apartment that will make you feel home,1,2,66.8944,https://a0.muscache.com/im/pictures/637813ce-8ab6-4069-aabf-7144fac747ee.jpg?aki_policy=x_large,5,-97.05043,32.67209,305,Entire home/apt,https://www.airbnb.com/rooms/40731609,1,Grand Prairie
37458751,8.0,House,2.0,C05. Single guest only! LOWEST Cost Private Room,1,1,27.386,https://a0.muscache.com/im/pictures/8de0fed1-bc26-477e-a14d-5eafd2751376.jpg?aki_policy=x_large,5,-97.02753,32.68008,294,Private room,https://www.airbnb.com/rooms/37458751,1,Grand Prairie
42775841,,House,1.0,"Great hospitality, quiet, close to sporting arenas",1,2,18.1739,https://a0.muscache.com/im/pictures/4d3ced2d-5d1d-48ce-a46e-fa5211bbdd3d.jpg?aki_policy=x_large,0,-97.01583,32.74667,31,Private room,https://www.airbnb.com/rooms/42775841,1,Grand Prairie
1004213864,0.0,villa,0.0,‚ù§Ô∏èGorgeous Super Clean Blue Villa Sleeps 4 + Parking + Wifi DISCOUNTED PRICE!,1,4,89.9699,https://media.vrbo.com/lodging/50000000/49040000/49038500/49038461/fa59ea02.c10.jpg,0,-97.04003559,32.68384215,164,Entire home/apt,https://www.airbnb.com/rooms/1004213864,1,Grand Prairie
41090685,8.7,Townhouse,1.0,Romantic KING BED Town Home Close By Restaurants!,1,4,115.725,https://a0.muscache.com/im/pictures/56675a78-580f-48aa-b993-3076dd82964a.jpg?aki_policy=x_large,3,-97.03631,32.68299,98,Entire home/apt,https://www.airbnb.com/rooms/41090685,1,Grand Prairie
45202992,10.0,House,3.5,Gorgeous Custom-built Magazine House with Pool,5,16,424.561,https://a0.muscache.com/im/pictures/30e4477f-2dcb-4b97-a040-76a12e99a76c.jpg?aki_policy=x_large,7,-96.99708,32.71391,61,Entire home/apt,https://www.airbnb.com/rooms/45202992,1,Grand Prairie
27754493,10.0,House,1.0,"Private room with Queen bed, shared bathroom",1,2,32.6389,https://a0.muscache.com/im/pictures/c5893176-8957-4c70-a42a-3cd63803171e.jpg?aki_policy=x_large,1,-97.05439,32.66702,78,Private room,https://www.airbnb.com/rooms/27754493,1,Grand Prairie
43069935,8.7,House,4.0,"Retreat On The Peninsula. WIFI, Parking, Luxury",5,10,354.852,https://a0.muscache.com/im/pictures/d217da60-bda1-4cdc-bf43-7c50cf7577b7.jpg?aki_policy=x_large,3,-97.05007,32.58346,89,Entire home/apt,https://www.airbnb.com/rooms/43069935,1,Grand Prairie
41690484,9.6,House,1.0,Comfy room in Grandprarie,1,2,35.8876,https://a0.muscache.com/im/pictures/b9110ddb-e0e9-4203-8a58-e1e122e82893.jpg?aki_policy=x_large,17,-97.03281,32.6514,151,Private room,https://www.airbnb.com/rooms/41690484,1,Grand Prairie
32891324,8.7,House,2.5,Gorgeous Spacious 4bd Brick Home Centrally Located,4,10,210.5,https://a0.muscache.com/im/pictures/039c9867-d5a6-4b0a-862e-fb0879b5d4a3.jpg?aki_policy=x_large,3,-97.05545,32.66302,196,Entire home/apt,https://www.airbnb.com/rooms/32891324,1,Grand Prairie
44227416,9.5,House,2.5,Sun And Fun In Extremely Spacious Grand Home!!,5,16,423.128,https://a0.muscache.com/im/pictures/80a685be-2ed0-4e8d-8752-006c12f5bb07.jpg?aki_policy=x_large,4,-96.99237,32.66553,59,Entire home/apt,https://www.airbnb.com/rooms/44227416,1,Grand Prairie
32674632,9.7,House,2.0,‚ù§ Sleeps 12 ‚≠êSix Flags ‚ö° Cowboys +At&t ‚úà Airport‚úî,4,12,289.255,https://a0.muscache.com/im/pictures/4ecd4708-a80f-4f70-909d-a9fea0a1d59c.jpg?aki_policy=x_large,36,-97.025,32.758,290,Entire home/apt,https://www.airbnb.com/rooms/32674632,1,Grand Prairie
28548616,9.8,House,1.0,Upstairs Bedroom B,1,2,36.8514,https://a0.muscache.com/im/pictures/e6434a60-16aa-4790-9175-7ec7af8d4a63.jpg?aki_policy=x_large,18,-97.05679,32.68924,191,Private room,https://www.airbnb.com/rooms/28548616,1,Grand Prairie
32984151,10.0,Apartment,1.0,Quite Gated apartment with 2 swimming pools,1,1,57.6667,https://a0.muscache.com/im/pictures/74ff5b51-99b4-4f8e-aa7c-ccbd94bdcb1f.jpg?aki_policy=x_large,1,-97.00665,32.76424,91,Private room,https://www.airbnb.com/rooms/32984151,1,Grand Prairie
28452111,10.0,Townhouse,1.0,Little Villa DFW,1,2,33.6364,https://a0.muscache.com/im/pictures/48a8e4dc-0d2d-471a-8545-8ab57105da5a.jpg?aki_policy=x_large,53,-97.00589,32.74072,151,Private room,https://www.airbnb.com/rooms/28452111,1,Grand Prairie
1008348155,10.0,apartment,1.0,‚ù§Ô∏èNew! Hidden Gem in Arlington | Near Shops | Wi-Fi | King Bed,2,4,97.3733,https://odis.homeaway.com/odis/listing/5e1d16c2-9b05-456e-803f-83858414516c.c10.jpg,1,-97.0300944,32.68662412,95,Entire home/apt,https://www.airbnb.com/rooms/1008348155,1,Grand Prairie
40928815,8.9,Townhouse,2.0,*3Room 1King&2Queen Beds W Parking & SelfCheck In*,3,11,182.699,https://a0.muscache.com/im/pictures/c6222ed0-a9eb-4878-90c4-1c937dcba5f5.jpg?aki_policy=x_large,25,-97.02923,32.68202,229,Entire home/apt,https://www.airbnb.com/rooms/40928815,1,Grand Prairie
28471693,9.7,House,1.0,3BR/1BA Near Six Flags and AT&T Stadium,3,5,130.245,https://a0.muscache.com/im/pictures/a487ceba-4fee-41ab-a80c-ada5b986a3a1.jpg?aki_policy=x_large,13,-97.03768,32.77986,366,Private room,https://www.airbnb.com/rooms/28471693,1,Grand Prairie
31058648,9.5,Apartment,1.0,"Gym, pool, tennis court, 200 tv channels, internet",1,1,48.0328,https://a0.muscache.com/im/pictures/29ef529e-3755-46e5-88f9-7c178fc63983.jpg?aki_policy=x_large,12,-97.00785,32.76351,196,Private room,https://www.airbnb.com/rooms/31058648,1,Grand Prairie
1004272405,10.0,House,2.0,"""DENMARK"" * POOL * FIRE-PIT * GAME ROOM *",3,9,437.806,https://media.vrbo.com/lodging/52000000/51930000/51926200/51926174/36f0a4a0.c10.jpg,1,-97.02788008,32.75365624,184,Entire home/apt,https://www.airbnb.com/rooms/1004272405,1,Grand Prairie
40286331,,House,1.5,Beautiful Private Room /Grand Prairie/ Only Female,1,2,20.2333,https://a0.muscache.com/im/pictures/c116e066-6872-4146-a7bc-ce9bf4268b4c.jpg?aki_policy=x_large,0,-97.02282,32.64443,75,Private room,https://www.airbnb.com/rooms/40286331,1,Grand Prairie
26162613,9.8,House,2.0,Home away from home!,3,5,243.478,https://a0.muscache.com/im/pictures/f6665c3b-5bdf-41bd-aa84-d4d867598d88.jpg?aki_policy=x_large,9,-97.03548,32.68595,116,Entire home/apt,https://www.airbnb.com/rooms/26162613,1,Grand Prairie
42658098,,House,1.0,Grand Prairie Home with a View,1,2,53.6154,https://a0.muscache.com/im/pictures/a0165074-87c6-4b21-bbea-b8e18f83f09e.jpg?aki_policy=x_large,0,-97.01176,32.66844,180,Private room,https://www.airbnb.com/rooms/42658098,1,Grand Prairie
40927903,8.9,Townhouse,1.0,ROMANTIC 1 BR KING BED CLOSE BY RESTAURANTS & More,1,5,120.512,https://a0.muscache.com/im/pictures/9d811f65-c7e5-4bdf-8a23-ad26a970b1b9.jpg?aki_policy=x_large,14,-97.02854,32.68401,272,Entire home/apt,https://www.airbnb.com/rooms/40927903,1,Grand Prairie
32897835,9.1,Townhouse,1.5,Your Home Away From Home,3,6,140.557,https://a0.muscache.com/im/pictures/5f52afbd-a144-45e4-905d-e188cf470432.jpg?aki_policy=x_large,27,-96.99806,32.70776,256,Entire home/apt,https://www.airbnb.com/rooms/32897835,1,Grand Prairie
33686644,9.5,House,1.0,"1 Private room in quiet neighborhood, comfortable",1,2,54.0868,https://a0.muscache.com/im/pictures/ce85e334-4d25-42d4-900a-bc850e8ad3ed.jpg?aki_policy=x_large,31,-97.03486,32.65551,327,Private room,https://www.airbnb.com/rooms/33686644,1,Grand Prairie
37459972,9.3,House,2.0,"C07. Lowest Cost Private Room, Single guest only !",1,1,28.6452,https://a0.muscache.com/im/pictures/99a25d21-69fb-4c53-9f2d-b9568b3e6470.jpg?aki_policy=x_large,3,-97.02784,32.67921,275,Private room,https://www.airbnb.com/rooms/37459972,1,Grand Prairie
37181179,9.8,Apartment,1.5,Weekend getaway by DFW Airport and Cowboys Stadium,1,2,56.3333,https://a0.muscache.com/im/pictures/7ed030e6-bbdd-4304-badb-b6d1aba8074b.jpg?aki_policy=x_large,11,-97.05745,32.80087,13,Private room,https://www.airbnb.com/rooms/37181179,1,Grand Prairie
35169227,10.0,House,1.0,"private Bath ""NYC"" Room in our Georgeous Home!!!",1,1,44.1534,https://a0.muscache.com/im/pictures/cb45def6-93d5-4ad3-85f3-d2108c824bb7.jpg?aki_policy=x_large,4,-97.04699,32.58836,194,Private room,https://www.airbnb.com/rooms/35169227,1,Grand Prairie
33222063,9.7,House,3.5,"WATERFRONT‚úÖKAYAKS,FISHING, DFW‚ô¶Ô∏èSANITIZE‚úÖSAFE STAY",5,15,262.765,https://a0.muscache.com/im/pictures/74ba6b07-0dea-4fd7-bac3-12a241b393d6.jpg?aki_policy=x_large,71,-96.97427,32.71726,364,Entire home/apt,https://www.airbnb.com/rooms/33222063,1,Grand Prairie
26281103,9.7,House,1.5,The Manor''s Quiet Solitude guest quarters,1,2,56.5833,https://a0.muscache.com/im/pictures/0df1b286-0bc3-4093-81ad-5847f7e79dfb.jpg?aki_policy=x_large,13,-97.0385,32.64252,73,Private room,https://www.airbnb.com/rooms/26281103,1,Grand Prairie
42419380,9.0,House,2.0,Home perfectly for you & your family!,3,8,128.791,https://a0.muscache.com/im/pictures/23c8791a-2c80-49bf-a520-9d3c18293823.jpg?aki_policy=x_large,33,-96.98558,32.67877,243,Entire home/apt,https://www.airbnb.com/rooms/42419380,1,Grand Prairie
20694403,10.0,Guesthouse,1.0,Private Bungalow,1,3,100.0,https://a0.muscache.com/im/pictures/68d3fd1c-9db4-424b-b8b4-a5c1ad3d68dc.jpg?aki_policy=x_large,16,-97.03374,32.77545,37,Entire home/apt,https://www.airbnb.com/rooms/20694403,1,Grand Prairie
38290655,3.0,House,1.0,Amenities Abound! Location above par!,1,2,50.0,https://a0.muscache.com/im/pictures/877c6b29-3bde-42cc-b11c-08bc6cbed407.jpg?aki_policy=x_large,2,-97.00202,32.65972,30,Private room,https://www.airbnb.com/rooms/38290655,1,Grand Prairie
39626608,9.7,House,1.0,Home Away from Home! Entire Apartment.,2,4,91.483,https://a0.muscache.com/im/pictures/pro_photo_tool/Hosting-39626608-unapproved/original/f5a0367f-e3dc-4386-88c3-fb0f621c01a2.JPEG?aki_policy=x_large,61,-97.04968,32.7323,366,Entire home/apt,https://www.airbnb.com/rooms/39626608,1,Grand Prairie
43069546,9.8,House,1.0,"Beautiful Queen Bed, Fastest WIFI, Gym, Parking",1,2,46.5607,https://a0.muscache.com/im/pictures/66f06053-4e72-48a0-9717-f252c327c931.jpg?aki_policy=x_large,8,-97.04926,32.58343,203,Private room,https://www.airbnb.com/rooms/43069546,1,Grand Prairie
42600939,10.0,House,1.0,Private King Bed and Bath,1,2,57.1143,https://a0.muscache.com/im/pictures/0f44cc1c-81be-41ca-8c58-a44d4bfc20e0.jpg?aki_policy=x_large,2,-97.01577,32.75458,236,Private room,https://www.airbnb.com/rooms/42600939,1,Grand Prairie
37459847,10.0,House,2.0,C06. Single guest only! LOWEST Cost Private Room,1,1,29.4359,https://a0.muscache.com/im/pictures/7bbffd85-ffef-4443-8a5b-8ebf35c8a3f3.jpg?aki_policy=x_large,1,-97.00863,32.68431,214,Private room,https://www.airbnb.com/rooms/37459847,1,Grand Prairie
39946830,8.3,House,2.5,Up to 20% Off! Cozy House W/POOL In Grand Prairie,4,14,288.944,https://a0.muscache.com/im/pictures/13b7d15f-3721-4028-ac46-b7f7b7909b19.jpg?aki_policy=x_large,41,-96.99118,32.67815,323,Entire home/apt,https://www.airbnb.com/rooms/39946830,1,Grand Prairie
38490377,10.0,Guest suite,1.0,Centrally Located in DFW (AT&T Stadium & 6 Flags),1,2,51.98,https://a0.muscache.com/im/pictures/9894e3b0-0408-483a-afce-d1aee4dcd532.jpg?aki_policy=x_large,58,-97.01151,32.75959,115,Entire home/apt,https://www.airbnb.com/rooms/38490377,1,Grand Prairie
33049889,10.0,Guest suite,1.0,Private Pad,1,3,66.1696,https://a0.muscache.com/im/pictures/88356695-bde9-475c-85e3-86ba0721a4f4.jpg?aki_policy=x_large,2,-97.03207,32.77712,256,Entire home/apt,https://www.airbnb.com/rooms/33049889,1,Grand Prairie
45505147,,House,2.5,"Cozy 3 Bdrm, Very Spacious, Free Coffee & Parking",3,8,331.25,https://a0.muscache.com/im/pictures/1e2d3ed0-4933-4cf0-aa71-4710890fc242.jpg?aki_policy=x_large,0,-97.05337,32.65142,61,Entire home/apt,https://www.airbnb.com/rooms/45505147,1,Grand Prairie
42817602,9.3,House,2.0,City House Country Space *Clean & Sanitized*,3,12,323.786,https://a0.muscache.com/im/pictures/ef06af5c-17fa-4d83-923b-6ed30363279d.jpg?aki_policy=x_large,6,-97.0322,32.76935,180,Entire home/apt,https://www.airbnb.com/rooms/42817602,1,Grand Prairie
45447060,10.0,Townhouse,2.0,*Beautiful 2 Bedroom Townhome w Free Coffee*,2,6,220.0,https://a0.muscache.com/im/pictures/0cab62c7-2cec-4ad0-8606-ebbe2c8e283e.jpg?aki_policy=x_large,1,-97.02891,32.68239,60,Entire home/apt,https://www.airbnb.com/rooms/45447060,1,Grand Prairie
41409972,10.0,House,1.0,Guest Room #2 in Quiet Neighborhood,1,2,32.3254,https://a0.muscache.com/im/pictures/9301402e-852d-473f-a121-0a7e6e0cc9b1.jpg?aki_policy=x_large,7,-97.02099,32.66148,159,Private room,https://www.airbnb.com/rooms/41409972,1,Grand Prairie
40824156,8.9,Townhouse,2.0,2 Room King & Queen w/ Free Coffee and Parking,2,6,130.789,https://a0.muscache.com/im/pictures/cb79988f-cf00-47c4-a529-87e490ba9e90.jpg?aki_policy=x_large,18,-97.03837,32.68378,304,Entire home/apt,https://www.airbnb.com/rooms/40824156,1,Grand Prairie
23563520,10.0,House,3.0,Modern House of Photography (400 Mbps 4/3/2),4,12,276.843,https://a0.muscache.com/im/pictures/099e1926-d3db-4d75-a1eb-889665ed1b16.jpg?aki_policy=x_large,129,-97.04241,32.76685,320,Entire home/apt,https://www.airbnb.com/rooms/23563520,1,Grand Prairie
35115349,10.0,House,1.0,Cozy & Quiet French Room in our Georgeous Home!!!,1,1,39.1605,https://a0.muscache.com/im/pictures/f6e0c957-4cac-4701-91a0-48676242757e.jpg?aki_policy=x_large,2,-97.04995,32.59163,146,Private room,https://www.airbnb.com/rooms/35115349,1,Grand Prairie
30565520,8.3,House,2.0,C09.Single guest only! LOWEST Cost Private Room,1,1,28.5,https://a0.muscache.com/im/pictures/a1006103-810b-4a21-978a-18728fd9747b.jpg?aki_policy=x_large,8,-97.00976,32.68354,154,Private room,https://www.airbnb.com/rooms/30565520,1,Grand Prairie
42279550,,House,2.5,Spacious Home,2,2,75.0,https://a0.muscache.com/im/pictures/1aea08d1-4085-4dba-9316-aa0668a368c7.jpg?aki_policy=x_large,0,-97.04246,32.58231,29,Private room,https://www.airbnb.com/rooms/42279550,1,Grand Prairie
43131565,10.0,House,1.5,An oasis of calm in the center of DFW!,1,2,35.1304,https://a0.muscache.com/im/pictures/48a2a5f5-8c98-4514-ad04-b4ba4dfae320.jpg?aki_policy=x_large,3,-97.03048,32.68534,76,Private room,https://www.airbnb.com/rooms/43131565,1,Grand Prairie
34184042,9.6,House,1.5,Beautiful Private Room /Grand Prairie/ Only Female,1,2,21.6923,https://a0.muscache.com/im/pictures/7d55212a-4026-480f-8061-82b7bf72c3e0.jpg?aki_policy=x_large,5,-97.02137,32.64569,35,Private room,https://www.airbnb.com/rooms/34184042,1,Grand Prairie
30953927,9.7,House,3.5,Beautiful Vacation Home near Joe Pool Lake (13),5,13,505.84,https://a0.muscache.com/im/pictures/bf770da6-22d1-4827-a0e2-38390aee30e3.jpg?aki_policy=x_large,58,-97.01959,32.64836,361,Entire home/apt,https://www.airbnb.com/rooms/30953927,1,Grand Prairie
1003814280,10.0,House,2.0,3BD/2BA House Near Cowboys ‚úÆ Rangers,3,10,189.178,https://media.vrbo.com/lodging/47000000/46160000/46153900/46153846/f0c6d3f6.c10.jpg,1,-97.01412463,32.75582979,127,Entire home/apt,https://www.airbnb.com/rooms/1003814280,1,Grand Prairie
43413749,,Apartment,2.0,Two Adjacent Villas NEAR SHOPS + KING BEDS +WIFI,2,8,169.571,https://a0.muscache.com/im/pictures/7b07bcb0-d0bf-44dd-98ac-0fc30adee099.jpg?aki_policy=x_large,0,-97.03152,32.68301,57,Entire home/apt,https://www.airbnb.com/rooms/43413749,1,Grand Prairie
37007106,9.6,House,1.5,Beautiful Private Room /Grand Prairie/ Only Female,1,2,20.0,https://a0.muscache.com/im/pictures/5722eb86-14aa-4377-bda9-0ae1f11e22ef.jpg?aki_policy=x_large,5,-97.02127,32.64581,79,Private room,https://www.airbnb.com/rooms/37007106,1,Grand Prairie
17079624,9.1,House,2.0,Aloha home by Joe Pool Lake. Entire home rental,3,6,240.0,https://a0.muscache.com/im/pictures/a20c464b-7468-4b0a-b803-7676a669fba1.jpg?aki_policy=x_large,9,-97.05906,32.63846,87,Private room,https://www.airbnb.com/rooms/17079624,1,Grand Prairie
44503312,10.0,Guesthouse,1.0,Lindo departamento en el √°rea de Grand Prairie Tx.,1,3,72.5,https://a0.muscache.com/im/pictures/6cb5c5bc-15d6-4ad0-8aae-501a4535b5c6.jpg?aki_policy=x_large,2,-96.99294,32.7326,2,Entire home/apt,https://www.airbnb.com/rooms/44503312,1,Grand Prairie
33829873,9.6,House,1.5,"10 Min from Cowboys, rangers stadium, and 6 flags!",1,2,57.6176,https://a0.muscache.com/im/pictures/d9b168ce-3f0e-4e9a-8408-ff8314a67162.jpg?aki_policy=x_large,38,-97.04112,32.69377,123,Private room,https://www.airbnb.com/rooms/33829873,1,Grand Prairie
41838593,9.2,House,1.0,Sunny space in Grandprarie,1,2,34.6259,https://a0.muscache.com/im/pictures/5236066f-ba63-426f-b8bf-fc663639b3c5.jpg?aki_policy=x_large,17,-97.03281,32.6514,272,Private room,https://www.airbnb.com/rooms/41838593,1,Grand Prairie
40673517,,Townhouse,1.0,"Townhouse 15min to AT&T, 20min to DFW, gated",1,4,151.149,https://a0.muscache.com/im/pictures/8023ec6a-a1f6-4e3c-9cac-4588e09ed5c8.jpg?aki_policy=x_large,0,-97.05541,32.64897,188,Entire home/apt,https://www.airbnb.com/rooms/40673517,1,Grand Prairie
39049048,10.0,House,1.0,The Little Home,2,2,101.609,https://a0.muscache.com/im/pictures/01644163-e864-42f0-9a18-2c79e085ecd8.jpg?aki_policy=x_large,2,-97.05591,32.68852,273,Private room,https://www.airbnb.com/rooms/39049048,1,Grand Prairie
40707140,9.7,House,1.0,The Manor''s Oasis guest quarters,1,2,26.7778,https://a0.muscache.com/im/pictures/0df1b286-0bc3-4093-81ad-5847f7e79dfb.jpg?aki_policy=x_large,18,-97.03869,32.64095,263,Private room,https://www.airbnb.com/rooms/40707140,1,Grand Prairie
42857819,10.0,House,1.0,1BR/2 Double Beds,1,2,41.6078,https://a0.muscache.com/im/pictures/f273e4dc-4cfa-4472-9a4c-fd5c9dc9bdf1.jpg?aki_policy=x_large,5,-97.01577,32.75482,158,Private room,https://www.airbnb.com/rooms/42857819,1,Grand Prairie
1010126605,10.0,house,2.5,Sweet Escape Grand Prairie: 3000sf Rustic Modern Home - Center of Dallas & FW,6,19,334.208,https://odis.homeaway.com/odis/listing/6d7dde36-5d0e-4af4-9d46-2400a1ea6b45.c10.jpg,3,-97.0371666,32.6413891,120,Entire home/apt,https://www.airbnb.com/rooms/1010126605,1,Grand Prairie
8087928,9.7,House,1.0,"Comfortable, Open House w/Prvt Rm. Quiet & safe!",1,2,45.2264,https://a0.muscache.com/im/pictures/fab46f3a-3eb9-4e24-93f8-a4da69553792.jpg?aki_policy=x_large,37,-97.03895,32.69149,246,Private room,https://www.airbnb.com/rooms/8087928,1,Grand Prairie
39359292,9.5,Apartment,1.0,Nice Apartment near Cowboys Stadium and Six Flags,1,3,78.0813,https://a0.muscache.com/im/pictures/a7950fa8-8da9-4b02-a948-75e95388b214.jpg?aki_policy=x_large,33,-97.05599,32.79939,252,Entire home/apt,https://www.airbnb.com/rooms/39359292,1,Grand Prairie
39389087,9.7,House,2.0,"Step back in time.Short drive to AT&T,S Flags, BP",3,6,186.683,https://a0.muscache.com/im/pictures/bf1b56b8-d801-4760-833a-623839015367.jpg?aki_policy=x_large,7,-97.00814,32.73255,140,Entire home/apt,https://www.airbnb.com/rooms/39389087,1,Grand Prairie
36035379,8.5,House,2.0,Sleek Grand Prairie Home - 10 Mi to Arlington,4,16,476.635,https://a0.muscache.com/im/pictures/dd154f1f-9b69-44dd-9c77-9cb659f24bda.jpg?aki_policy=x_large,31,-97.03479,32.64754,366,Entire home/apt,https://www.airbnb.com/rooms/36035379,1,Grand Prairie
19786196,9.9,Guest suite,1.0,Serene Vibes at the Bullseye Guesthouse,1,4,75.3698,"https://a0.muscache.com/4ea/air/v2/pictures/monet/Select-19786196/original/6095786d-aa22-4cef-a30a-2bbbe19268b4?t=r:w2500-h1500-sfit,e:fjpg-c90",198,-97.0328,32.77768,246,Entire home/apt,https://www.airbnb.com/rooms/19786196,1,Grand Prairie
19877117,9.7,House,2.5,Great location for a DFW stay! Near AT&T stadium,3,10,227.303,https://a0.muscache.com/im/pictures/613cf578-36f1-4962-b22a-ebb42230b154.jpg?aki_policy=x_large,193,-97.054,32.578,345,Entire home/apt,https://www.airbnb.com/rooms/19877117,1,Grand Prairie
45081170,10.0,House,1.0,Good Vibes & Dallas Comfort,1,2,43.913,https://a0.muscache.com/im/pictures/ab97b5b1-5d90-43c4-98a5-b85db5675879.jpg?aki_policy=x_large,2,-97.02054,32.65278,71,Private room,https://www.airbnb.com/rooms/45081170,1,Grand Prairie
40676411,8.7,House,1.5,House of Glory 1,1,2,38.08,https://a0.muscache.com/im/pictures/d081a87a-4d7c-40ca-bb3d-48a600419909.jpg?aki_policy=x_large,3,-97.03304,32.64514,58,Private room,https://www.airbnb.com/rooms/40676411,1,Grand Prairie
45002603,9.7,House,2.5,High-End Designer House for Big Groups with Pool,5,16,355.773,https://a0.muscache.com/im/pictures/3f85640d-e167-4f96-979a-cc2285f1a554.jpg?aki_policy=x_large,6,-96.99694,32.72519,77,Entire home/apt,https://www.airbnb.com/rooms/45002603,1,Grand Prairie
38347087,10.0,House,2.0,¬°Hola! Te damos la bienvenida a nuestra casa,3,8,177.656,https://a0.muscache.com/im/pictures/657690d6-5b8a-4e20-8f85-234ca08a738b.jpg?aki_policy=x_large,9,-96.99584,32.7024,258,Entire home/apt,https://www.airbnb.com/rooms/38347087,1,Grand Prairie
30429194,9.7,House,1.0,room with private bathoom # 1.,1,2,41.0608,https://a0.muscache.com/im/pictures/2cbc134d-081e-4ae5-af1e-57369a73b7e5.jpg?aki_policy=x_large,143,-97.007,32.717,334,Private room,https://www.airbnb.com/rooms/30429194,1,Grand Prairie
37401456,9.6,House,3.5,Huge 4 Bedroom Home Minutes From Cowboys Stadium,4,8,623.333,https://a0.muscache.com/im/pictures/f3290590-a6db-46c6-9b4d-ff8fc32a5f8f.jpg?aki_policy=x_large,5,-97.05681,32.64497,331,Entire home/apt,https://www.airbnb.com/rooms/37401456,1,Grand Prairie
20425354,9.7,House,2.0,"LAKEFRONT,KAYAK,DFW CENTRAL, GAS GRILL, SANITIZE.",3,8,192.147,https://a0.muscache.com/im/pictures/5ac5f356-ffc0-4a23-8b3f-3aec97932563.jpg?aki_policy=x_large,227,-96.9735,32.71815,345,Entire home/apt,https://www.airbnb.com/rooms/20425354,1,Grand Prairie
29218380,10.0,House,1.0,Private Master Bedroom & Bath,1,4,72.4369,https://a0.muscache.com/im/pictures/7df8d4b6-ca14-4736-8f7c-347375c7c808.jpg?aki_policy=x_large,17,-97.03967,32.77678,295,Private room,https://www.airbnb.com/rooms/29218380,1,Grand Prairie
43126217,10.0,House,2.5,"""NEW"" House near Lake/Parks, Stadiums and DFW!",4,10,339.344,https://a0.muscache.com/im/pictures/7b6ee8ae-7e98-49b2-a03d-19959ee0f762.jpg?aki_policy=x_large,11,-96.98323,32.71135,150,Entire home/apt,https://www.airbnb.com/rooms/43126217,1,Grand Prairie
36591181,9.7,House,3.0,"Sports fans, we are 15 minutes from the stadium!",4,9,489.0,https://a0.muscache.com/im/pictures/230bd5a8-7f0d-4625-a811-b68e87d0e0fd.jpg?aki_policy=x_large,6,-97.05931,32.62349,115,Entire home/apt,https://www.airbnb.com/rooms/36591181,1,Grand Prairie
18595100,8.0,Apartment,1.0,This is a house with large rooms.,0,1,75.0,https://a0.muscache.com/im/pictures/cd8fc741-4185-4823-9fb1-9fd02525cc67.jpg?aki_policy=x_large,2,-96.99163,32.71228,120,Private room,https://www.airbnb.com/rooms/18595100,1,Grand Prairie
28317581,8.5,House,3.0,Event Venue*NO CLEANING FEE*,3,10,405.0,https://a0.muscache.com/im/pictures/30505fb2-8d96-4d01-a269-778796010608.jpg?aki_policy=x_large,28,-97.01771,32.72115,36,Entire home/apt,https://www.airbnb.com/rooms/28317581,1,Grand Prairie
40843386,,House,1.5,House of Glory2,1,2,38.3333,https://a0.muscache.com/im/pictures/9fcd9c93-a7be-42f9-9d75-6c03eaa4f288.jpg?aki_policy=x_large,0,-97.03424,32.64443,69,Private room,https://www.airbnb.com/rooms/40843386,1,Grand Prairie
15363309,9.6,House,2.0,Spacious 4 bedroom home in the HEART of DFW,4,8,183.145,https://a0.muscache.com/im/pictures/aa980142-7032-4b21-8755-ec61ba9d741b.jpg?aki_policy=x_large,52,-97.01535,32.75061,122,Entire home/apt,https://www.airbnb.com/rooms/15363309,1,Grand Prairie
26282685,10.0,House,1.5,The Manor''s Peaceful Serenity guest quarters,1,2,55.9868,https://a0.muscache.com/im/pictures/0df1b286-0bc3-4093-81ad-5847f7e79dfb.jpg?aki_policy=x_large,11,-97.0368,32.64208,99,Private room,https://www.airbnb.com/rooms/26282685,1,Grand Prairie
40319659,9.6,Guesthouse,0.0,Little house on the (Grand) Prairie,0,3,37.2898,https://a0.muscache.com/im/pictures/60ba0f16-811e-42ea-a1b5-43109d0f7904.jpg?aki_policy=x_large,92,-97.00196,32.69012,282,Entire home/apt,https://www.airbnb.com/rooms/40319659,1,Grand Prairie
43141625,7.0,Condominium,2.0,GP-C-Arlington 2bed2bath furnished 2nd flr King,2,4,90.9667,https://a0.muscache.com/im/pictures/36bbf45e-0c18-4aab-99d0-3582cbc42930.jpg?aki_policy=x_large,2,-97.06253,32.76677,41,Entire home/apt,https://www.airbnb.com/rooms/43141625,1,Grand Prairie
