airbnb_property_id,rating,days_available,bathrooms,title,bedrooms,accommodates,img_cover,reviews,longitude,latitude,adr,property_type,room_type,airbnb_url,active_listing,market
17760885,10.0,54,2.0,Coastal Living in Downtown McKinney,3,6,https://a0.muscache.com/im/pictures/e9339a4e-52ef-49b8-a6f6-f6a6d3fba24e.jpg?aki_policy=x_large,3,-96.61905,33.19529,374.0,Bungalow,Entire home/apt,https://www.airbnb.com/rooms/17760885,1,McKinney
40539687,9.9,226,1.0,Jones Country Cottage near the Downtown Square,2,5,https://a0.muscache.com/im/pictures/2f58c53c-e451-433c-978c-528ae9a0e501.jpg?aki_policy=x_large,27,-96.61774,33.203,123.466,House,Entire home/apt,https://www.airbnb.com/rooms/40539687,1,McKinney
39800212,9.8,234,1.0,Peaceful and Serene!,1,2,https://a0.muscache.com/im/pictures/7a19ec64-13f1-4665-848c-4ca6e155af31.jpg?aki_policy=x_large,20,-96.73913,33.18826,38.8217,Apartment,Private room,https://www.airbnb.com/rooms/39800212,1,McKinney
41349377,9.8,99,1.0,Guest House at Gold Farm,0,4,https://a0.muscache.com/im/pictures/36794df0-38dc-482b-a06b-7de14c6dc1fc.jpg?aki_policy=x_large,13,-96.60884,33.13573,81.8788,House,Entire home/apt,https://www.airbnb.com/rooms/41349377,1,McKinney
20882602,10.0,128,1.0,404 Tucker,2,6,https://a0.muscache.com/im/pictures/73cc0a00-1cd1-4a23-825e-338e0a6aff83.jpg?aki_policy=x_large,27,-96.61785,33.20132,206.765,House,Entire home/apt,https://www.airbnb.com/rooms/20882602,1,McKinney
40754247,10.0,62,1.0,Your private room,1,1,https://a0.muscache.com/im/pictures/8ffadb9f-68f6-4c87-97b8-63f98d4fad99.jpg?aki_policy=x_large,2,-96.73164,33.14163,30.2857,House,Private room,https://www.airbnb.com/rooms/40754247,1,McKinney
28185463,9.6,317,1.0,"Mckinney, TX Queen Anne Cottage (built in 1904)",1,2,https://a0.muscache.com/im/pictures/53ca0d5f-3554-4342-a7a4-adf5a1836b4b.jpg?aki_policy=x_large,88,-96.62317,33.19982,36.3827,Cottage,Private room,https://www.airbnb.com/rooms/28185463,1,McKinney
33597867,10.0,147,1.0,Quiet McKinney Neighborhood,1,1,https://a0.muscache.com/im/pictures/6261071a-573c-49db-b830-0a586a3ee9ee.jpg?aki_policy=x_large,2,-96.65534,33.20146,46.6143,House,Private room,https://www.airbnb.com/rooms/33597867,1,McKinney
12024083,10.0,258,1.5,"Calm, comfortable, and clean",1,2,https://a0.muscache.com/im/pictures/936094f2-b39b-4c9b-b4fa-6bcb47be4f59.jpg?aki_policy=x_large,106,-96.65833,33.20563,66.18,House,Private room,https://www.airbnb.com/rooms/12024083,1,McKinney
1000791942,10.0,327,3.5,Fantastic 1918 Farm House on 2 acres - completely restored & remodeled. Upscale!,4,12,https://odis.homeaway.com/odis/listing/c8430718-3a07-4bf3-9d08-512d81ca797a.c10.jpg,93,-96.6280663,33.1539212,335.857,house,Entire home/apt,https://www.airbnb.com/rooms/1000791942,1,McKinney
37751686,9.5,90,2.0,"Quiet Near park,lake,movie ,Hwy,Down T. Mckinney.",3,6,https://a0.muscache.com/im/pictures/c17797b7-0a2f-4950-a5e5-64f892701893.jpg?aki_policy=x_large,26,-96.6268,33.18701,147.2,House,Entire home/apt,https://www.airbnb.com/rooms/37751686,1,McKinney
43959818,,31,1.0,Private Queen Bedroom/Bath Female Only Guest Space,1,1,https://a0.muscache.com/im/pictures/2e5b0caf-2e00-4fa7-9599-82361d846d94.jpg?aki_policy=x_large,0,-96.72428,33.2071,100.0,House,Private room,https://www.airbnb.com/rooms/43959818,1,McKinney
18192642,9.5,245,1.0,Great home to stay/relax,1,2,https://a0.muscache.com/im/pictures/f80b211a-267c-41cf-9da6-65894dfeae23.jpg?aki_policy=x_large,85,-96.7425,33.1915,38.7254,House,Private room,https://www.airbnb.com/rooms/18192642,1,McKinney
37316174,9.8,278,1.0,"""The Northwestern"" Cozy, modern, downtown getaway",3,6,https://a0.muscache.com/im/pictures/dd6d0889-bf5f-44c7-b905-bf2c7df74333.jpg?aki_policy=x_large,40,-96.61999,33.20393,166.146,House,Entire home/apt,https://www.airbnb.com/rooms/37316174,1,McKinney
39971642,,245,1.0,Attractive airbnb home near Allen Outlet mall,1,2,https://a0.muscache.com/im/pictures/89d6a45c-6ac3-4315-872f-240d0a012bef.jpg?aki_policy=x_large,0,-96.70245,33.1494,164.103,House,Private room,https://www.airbnb.com/rooms/39971642,1,McKinney
43910046,10.0,77,2.0,Texas Corporate Housing Solutions Professional Apt,2,5,https://a0.muscache.com/im/pictures/b5b39712-c19f-4e60-90ad-fe5f816122d9.jpg?aki_policy=x_large,1,-96.71876,33.1385,123.535,Serviced apartment,Entire home/apt,https://www.airbnb.com/rooms/43910046,1,McKinney
20710927,9.8,198,1.0,Private 2nd Floor (Two Bed Rooms & Movie Room),2,4,https://a0.muscache.com/im/pictures/afad7cb8-40f2-4cef-b864-c046fbdcb5e6.jpg?aki_policy=x_large,50,-96.68399,33.15931,59.0,House,Private room,https://www.airbnb.com/rooms/20710927,1,McKinney
42192855,6.8,167,1.0,Meditation In McKinney,1,3,https://a0.muscache.com/im/pictures/d2ceabee-7cd3-4df5-885d-0b21704c5ed2.jpg?aki_policy=x_large,5,-96.70193,33.15702,86.2787,Apartment,Entire home/apt,https://www.airbnb.com/rooms/42192855,1,McKinney
1003292695,10.0,274,4.0,Right in the Heart of Historic Downtown McKinney,4,10,https://odis.homeaway.com/odis/listing/b3ee41c3-d2f6-4fda-8c1a-97e936d9bdf5.c10.jpg,2,-96.6269668,33.1990648,744.737,house,Entire home/apt,https://www.airbnb.com/rooms/1003292695,1,McKinney
41154105,9.7,146,1.0,Perfect Santuary- Private Room- King bed-Nr 380&75,1,2,https://a0.muscache.com/im/pictures/8ec1e719-829c-4ee4-bcea-f249843e7106.jpg?aki_policy=x_large,7,-96.68267,33.20813,42.5507,House,Private room,https://www.airbnb.com/rooms/41154105,1,McKinney
46009860,,31,1.0,Tiny house at Gold Farm,0,2,https://a0.muscache.com/im/pictures/35cccd08-ea28-4431-bc2c-08dd5f492953.jpg?aki_policy=x_large,0,-96.60964,33.13612,114.0,Tiny house,Entire home/apt,https://www.airbnb.com/rooms/46009860,1,McKinney
39392797,10.0,274,2.0,Entire home in quiet McKinney neighborhood!,3,7,https://a0.muscache.com/im/pictures/278e62f8-fb25-4f8c-a499-31f7a0f07c58.jpg?aki_policy=x_large,15,-96.68481,33.15152,126.024,House,Entire home/apt,https://www.airbnb.com/rooms/39392797,1,McKinney
1003332733,10.0,152,2.5,Gorgeous 1915 country FARMHOUSE 4400 sq ft near everything w huge living space,5,12,https://odis.homeaway.com/odis/listing/363a41be-0855-47c4-b9b1-4acdc4d2c27b.c10.jpg,4,-96.68310893,33.27380719,445.0,Farmhouse,Entire home/apt,https://www.airbnb.com/rooms/1003332733,1,McKinney
44308502,10.0,110,2.0,The Blue Cactus in Downtown McKinney,3,10,https://a0.muscache.com/im/pictures/37301d67-91f8-4f4c-9b9a-c133b2cbd0f3.jpg?aki_policy=x_large,13,-96.62119,33.21118,197.03,House,Entire home/apt,https://www.airbnb.com/rooms/44308502,1,McKinney
38660382,9.7,316,1.0,PIPER * Cozy * Private Apt. * Squeaky Clean!!!,1,4,https://a0.muscache.com/im/pictures/42b79873-66a4-4bc1-9386-117a4eed90f6.jpg?aki_policy=x_large,32,-96.74509,33.20535,63.8408,Apartment,Entire home/apt,https://www.airbnb.com/rooms/38660382,1,McKinney
1004215115,8.0,153,2.0,Beautiful 3 bedroom house with internet close to downtown,3,8,https://odis.homeaway.com/odis/listing/314203c3-f6ff-4764-b71e-d261beb606d4.c10.jpg,4,-96.6412391,33.1923861,200.0,house,Entire home/apt,https://www.airbnb.com/rooms/1004215115,1,McKinney
39673101,,83,2.0,Meadow Retreat,3,8,https://a0.muscache.com/im/pictures/9ec340c3-fa8a-4f48-870e-b96101b20624.jpg?aki_policy=x_large,0,-96.53726,33.16266,151.667,House,Entire home/apt,https://www.airbnb.com/rooms/39673101,1,McKinney
44588044,10.0,92,2.0,Texas Corporate Housing Solutions Professional Apt,2,5,https://a0.muscache.com/im/pictures/135e1bf9-3385-4c1d-83ad-91cdcab23cd7.jpg?aki_policy=x_large,4,-96.71717,33.13976,138.299,Apartment,Entire home/apt,https://www.airbnb.com/rooms/44588044,1,McKinney
32894349,,31,1.0,"Cozy Private Room. Clean, Safe and Quiet area",1,2,https://a0.muscache.com/im/pictures/466ea561-bf57-468f-9e3c-9690fea1ec95.jpg?aki_policy=x_large,0,-96.68395,33.24689,80.0,House,Private room,https://www.airbnb.com/rooms/32894349,1,McKinney
26106388,9.9,122,1.0,It‚Äôs Golden,2,4,https://a0.muscache.com/im/pictures/c94f101e-71be-42fd-9881-5a7b6bcb1978.jpg?aki_policy=x_large,44,-96.61485,33.20073,125.0,House,Entire home/apt,https://www.airbnb.com/rooms/26106388,1,McKinney
44035606,,31,4.0,New Townhome 3bed/4bath next to TCP Gold Course,3,12,https://a0.muscache.com/im/pictures/7f8e3223-026c-488f-a30d-3df040c9894f.jpg?aki_policy=x_large,0,-96.71444,33.14723,2600.0,Townhouse,Entire home/apt,https://www.airbnb.com/rooms/44035606,1,McKinney
40793703,10.0,175,1.5,Cozy Queen room on 2nd floor,1,2,https://a0.muscache.com/im/pictures/08e7f450-2e9e-4a9f-8fa1-12a4f3b1ffb3.jpg?aki_policy=x_large,5,-96.70399,33.14991,38.0,House,Private room,https://www.airbnb.com/rooms/40793703,1,McKinney
44909237,,31,2.0,Texas Corporate Housing Solutions Professional Apt,2,5,https://a0.muscache.com/im/pictures/a9a86b7a-6098-441e-ac72-bf4798a036e8.jpg?aki_policy=x_large,0,-96.71683,33.13985,137.625,Apartment,Entire home/apt,https://www.airbnb.com/rooms/44909237,1,McKinney
25356517,10.0,122,1.0,"The Sanctuary House at McKinney, TX 1 Bedroom B/S",1,1,https://a0.muscache.com/im/pictures/883a0eb0-e993-4116-b9dd-f97228f5109c.jpg?aki_policy=x_large,7,-96.69685,33.17578,43.2143,House,Private room,https://www.airbnb.com/rooms/25356517,1,McKinney
11928561,8.0,60,1.5,"Private room in spacious, lovely home!",1,2,https://a0.muscache.com/im/pictures/b9a23373-454f-488e-8b99-15c9a610398e.jpg?aki_policy=x_large,1,-96.65864,33.22213,140.0,House,Private room,https://www.airbnb.com/rooms/11928561,1,McKinney
29460852,10.0,128,1.0,Clean New 1BR in a quite safe Neighborhood,1,2,https://a0.muscache.com/im/pictures/e341b1d5-694a-44e6-82d9-c4bf0acfaa37.jpg?aki_policy=x_large,9,-96.75081,33.2085,41.1029,House,Private room,https://www.airbnb.com/rooms/29460852,1,McKinney
29474166,10.0,182,1.0,"‚ù§Ô∏èClean, Quiet Room B w/ SmartTV & WiFi‚ù§Ô∏è",1,2,https://a0.muscache.com/im/pictures/8c62863e-7fa3-4d8d-807f-5357ed865c54.jpg?aki_policy=x_large,11,-96.75671,33.19519,38.1295,House,Private room,https://www.airbnb.com/rooms/29474166,1,McKinney
18104270,9.5,227,2.0,Family Friendly Craftsman Near Historic Downtown,4,8,https://a0.muscache.com/im/pictures/50803057-3f9c-4f06-a46c-71141e4cffc3.jpg?aki_policy=x_large,103,-96.62001,33.19409,183.91,House,Entire home/apt,https://www.airbnb.com/rooms/18104270,1,McKinney
43952543,9.0,64,2.0,Texas Corporate Housing Solutions Professional Apt,3,7,https://a0.muscache.com/im/pictures/160299ee-ab41-4936-99ab-af7ab0f50b60.jpg?aki_policy=x_large,4,-96.71841,33.1399,180.083,Apartment,Entire home/apt,https://www.airbnb.com/rooms/43952543,1,McKinney
32895242,9.1,169,1.0,Craig Ranch | Corporate | Delightful 1BR apartment,1,2,https://a0.muscache.com/im/pictures/7d62aeec-c347-4f96-8f17-5193f2dabe3d.jpg?aki_policy=x_large,7,-96.70997,33.13779,117.194,Apartment,Entire home/apt,https://www.airbnb.com/rooms/32895242,1,McKinney
29708304,9.4,268,1.0,|| Blue Bungalow || Adorable Downtown McKinney,2,6,https://a0.muscache.com/im/pictures/b8341c42-4edb-4176-b906-49af7fa3ddc5.jpg?aki_policy=x_large,90,-96.62234,33.19935,169.391,Bungalow,Entire home/apt,https://www.airbnb.com/rooms/29708304,1,McKinney
45738463,,31,2.0,Texas Corporate Housing Solutions Professional Apt,3,7,https://a0.muscache.com/im/pictures/7b54b74f-af40-4435-b213-82ab5a4f6fe7.jpg?aki_policy=x_large,0,-96.71857,33.13844,185.422,Apartment,Entire home/apt,https://www.airbnb.com/rooms/45738463,1,McKinney
42912790,8.7,53,2.5,"Quiet, Relaxed Farm Stay Getaway in McKinney Texas",2,10,https://a0.muscache.com/im/pictures/85c9e60c-6a1f-4aa0-b0b1-fac23391207d.jpg?aki_policy=x_large,3,-96.58178,33.22374,211.5,Farm stay,Entire home/apt,https://www.airbnb.com/rooms/42912790,1,McKinney
26846978,9.8,251,2.0,A home away from home,4,10,https://a0.muscache.com/im/pictures/89bf75ca-a670-4e48-b944-e91e8d1e75ad.jpg?aki_policy=x_large,40,-96.64414,33.2291,247.596,House,Entire home/apt,https://www.airbnb.com/rooms/26846978,1,McKinney
37087082,9.8,101,2.0,"Beautiful single story house, deck, pool & spa",3,6,https://a0.muscache.com/im/pictures/94c93b27-9241-4958-92b2-7132bb313c64.jpg?aki_policy=x_large,30,-96.65555,33.1767,151.024,House,Entire home/apt,https://www.airbnb.com/rooms/37087082,1,McKinney
43818323,9.8,92,2.5,Entire New Built Townhouse . Fully furnished 3 BR,3,7,https://a0.muscache.com/im/pictures/9a665b14-bf5d-4422-96c6-18bb42440f11.jpg?aki_policy=x_large,10,-96.64313,33.20974,152.533,Condominium,Entire home/apt,https://www.airbnb.com/rooms/43818323,1,McKinney
29791321,9.3,24,1.0,Bluebonnet,0,5,https://a0.muscache.com/im/pictures/e6aa5cc8-f379-4e1d-aa6a-fdc899cc54e7.jpg?aki_policy=x_large,17,-96.62346,33.20658,115.071,Apartment,Entire home/apt,https://www.airbnb.com/rooms/29791321,1,McKinney
1003893098,10.0,181,1.0,The Rustic Farm House with a Touch of Modern Charm sits on 79 acres.,2,6,https://odis.homeaway.com/odis/listing/79c34c9b-e4c4-4bd9-9389-d85219e67559.c10.jpg,8,-96.5881550912933,33.2280037105877,152.941,Farmhouse,Entire home/apt,https://www.airbnb.com/rooms/1003893098,1,McKinney
39483147,10.0,257,1.5,"Large, Pristine Qn room in new subdivision",1,3,https://a0.muscache.com/im/pictures/4de10918-9e1c-4511-a2c9-47247602a9f6.jpg?aki_policy=x_large,9,-96.70499,33.15087,45.6782,House,Private room,https://www.airbnb.com/rooms/39483147,1,McKinney
42344933,10.0,215,1.0,McKinney Luxury Stonebridge Ranch - Entire Space,2,4,https://a0.muscache.com/im/pictures/cb2a0fda-f9e1-45b6-9dda-5cb182930b36.jpg?aki_policy=x_large,3,-96.72949,33.18127,164.141,Serviced apartment,Entire home/apt,https://www.airbnb.com/rooms/42344933,1,McKinney
27992947,10.0,30,2.0,Country Retreat - Sand Creek Farm,3,8,https://a0.muscache.com/im/pictures/544f84dd-5222-49b1-bc9b-202b7bcf24f8.jpg?aki_policy=x_large,3,-96.64259,33.28912,197.778,Farm stay,Entire home/apt,https://www.airbnb.com/rooms/27992947,1,McKinney
38881652,9.3,92,1.0,Sunnyside Time to Sleep and Relax,1,2,https://a0.muscache.com/im/pictures/8855acc4-9c2d-49e5-a88a-4248a90f0fbf.jpg?aki_policy=x_large,3,-96.66771,33.1607,53.5714,House,Private room,https://www.airbnb.com/rooms/38881652,1,McKinney
43813764,10.0,70,2.0,Texas Corporate Housing Solutions Professional Apt,2,5,https://a0.muscache.com/im/pictures/32bcb706-dbcb-43e8-aa96-2f1024a8ee74.jpg?aki_policy=x_large,5,-96.71778,33.13867,139.907,Apartment,Entire home/apt,https://www.airbnb.com/rooms/43813764,1,McKinney
17400415,9.0,131,2.0,Holly House in Historic McKinney Texas,3,8,https://a0.muscache.com/im/pictures/cef7d5af-751e-4910-be92-b1be45bc3cb1.jpg?aki_policy=x_large,28,-96.61762,33.19423,153.438,House,Entire home/apt,https://www.airbnb.com/rooms/17400415,1,McKinney
44084702,10.0,122,1.0,Texas Corporate Housing Solutions Professional Apt,1,3,https://a0.muscache.com/im/pictures/e4aad79d-e8e8-420a-abcf-988ec47cbd57.jpg?aki_policy=x_large,6,-96.71738,33.13822,100.108,Apartment,Entire home/apt,https://www.airbnb.com/rooms/44084702,1,McKinney
18370609,9.3,67,1.0,Basic room at Country quiet peaceful farm,1,1,https://a0.muscache.com/im/pictures/d503890c-6780-46b3-9d26-ce0e5e94f18e.jpg?aki_policy=x_large,11,-96.55723,33.14614,31.7742,House,Private room,https://www.airbnb.com/rooms/18370609,1,McKinney
6413175,9.7,60,2.0,"Relaxation Stay, Sauna, Pool Table",3,5,https://a0.muscache.com/im/pictures/09ce626e-e7e4-469a-98a2-266a73d9dde8.jpg?aki_policy=x_large,36,-96.64474,33.1949,279.273,House,Entire home/apt,https://www.airbnb.com/rooms/6413175,1,McKinney
1676165,9.9,109,1.0,Studio G in McKinney TX,0,3,https://a0.muscache.com/im/pictures/65857215/28bc15e2_original.jpg?aki_policy=x_large,118,-96.60078,33.16024,85.0,House,Entire home/apt,https://www.airbnb.com/rooms/1676165,1,McKinney
34781060,10.0,237,1.0,McKinney Garden House your Historic District Oasis,1,3,https://a0.muscache.com/im/pictures/900a901f-3feb-4025-b94e-6452f537e0d4.jpg?aki_policy=x_large,47,-96.62263,33.19526,91.9062,House,Entire home/apt,https://www.airbnb.com/rooms/34781060,1,McKinney
40234554,6.5,187,1.0,Small Private Room,1,1,https://a0.muscache.com/im/pictures/b491d58d-d6cd-4515-9a2f-c63ec565f85c.jpg?aki_policy=x_large,4,-96.71977,33.20963,22.4022,House,Private room,https://www.airbnb.com/rooms/40234554,1,McKinney
2571190,10.0,177,2.0,''Mockingbird House'' in Historic District,2,6,https://a0.muscache.com/im/pictures/0b65b981-1fb9-4d9c-80e9-613528f5d3e4.jpg?aki_policy=x_large,167,-96.61963,33.20465,97.3049,House,Entire home/apt,https://www.airbnb.com/rooms/2571190,1,McKinney
45144845,,31,2.0,Charming Farm House In The City Limits,4,10,https://a0.muscache.com/im/pictures/271b3a68-9f8e-46ec-bedc-81c7ac66ec04.jpg?aki_policy=x_large,0,-96.61923,33.26041,270.0,Cottage,Entire home/apt,https://www.airbnb.com/rooms/45144845,1,McKinney
29116576,9.8,164,1.0,Bluebird Cottage & Caf√© 1,1,4,https://a0.muscache.com/im/pictures/adfaa655-9108-4a83-8a99-e7afacc994b9.jpg?aki_policy=x_large,104,-96.68087,33.25518,60.1667,Guesthouse,Entire home/apt,https://www.airbnb.com/rooms/29116576,1,McKinney
39951142,,31,1.0,Quiet nice house in modern neighborhood,1,4,https://a0.muscache.com/im/pictures/971d9b88-5f8a-49ce-9783-7aefa9d8a3f7.jpg?aki_policy=x_large,0,-96.75026,33.1956,130.0,House,Entire home/apt,https://www.airbnb.com/rooms/39951142,1,McKinney
45616760,,22,2.5,Charming Cottage Home with a POOL/SPA,4,7,https://a0.muscache.com/im/pictures/927e415e-31b8-4691-9270-f837fb532198.jpg?aki_policy=x_large,0,-96.64812,33.19497,285.0,House,Entire home/apt,https://www.airbnb.com/rooms/45616760,1,McKinney
29430328,10.0,364,1.0,The Magical Magnolia - POOL & Breakfast Included!,1,2,https://a0.muscache.com/im/pictures/88288f65-21da-4cf4-a8ec-e303b24791dc.jpg?aki_policy=x_large,37,-96.62595,33.19985,177.197,Bed and breakfast,Private room,https://www.airbnb.com/rooms/29430328,1,McKinney
43638894,9.5,91,2.0,The Grey Stay - Downtown - Breakfast Offered,3,10,https://a0.muscache.com/im/pictures/116c4757-12f0-464d-b231-6801854c868f.jpg?aki_policy=x_large,8,-96.62324,33.20668,170.8,House,Entire home/apt,https://www.airbnb.com/rooms/43638894,1,McKinney
24395315,10.0,326,1.0,Historic Downtown McKinney - 1 BR Guest Apartment,1,2,https://a0.muscache.com/im/pictures/00e09fbf-2d8b-401d-868e-587293b42e82.jpg?aki_policy=x_large,148,-96.619,33.206,86.0009,Guesthouse,Entire home/apt,https://www.airbnb.com/rooms/24395315,1,McKinney
6015601,9.9,338,1.0,2 Bedroom Suite on 2 Acre Homesite,2,4,https://a0.muscache.com/im/pictures/4fc8fb02-2de6-4c8e-b402-b5fe5762416d.jpg?aki_policy=x_large,327,-96.72528,33.22548,106.522,Guest suite,Entire home/apt,https://www.airbnb.com/rooms/6015601,1,McKinney
22903647,9.9,111,2.0,Getaway Cottage - Perfect -Listed Historic Home,2,4,https://a0.muscache.com/im/pictures/5acfd5ae-e144-4995-a40d-aa9f94dd9915.jpg?aki_policy=x_large,35,-96.622,33.198,138.472,House,Entire home/apt,https://www.airbnb.com/rooms/22903647,1,McKinney
23107804,10.0,354,1.0,Getaway Cottage - Perfect - Complete Privacy,1,2,https://a0.muscache.com/im/pictures/0e6407fb-d6ab-4c4e-b104-06686baf6efa.jpg?aki_policy=x_large,10,-96.622,33.198,58.7201,House,Private room,https://www.airbnb.com/rooms/23107804,1,McKinney
44573555,9.3,67,2.0,Texas Corporate Housing Solutions Professional Apt,2,5,https://a0.muscache.com/im/pictures/6392f3ad-fa47-43ed-a967-f3174fb59918.jpg?aki_policy=x_large,3,-96.71712,33.1403,115.222,Apartment,Entire home/apt,https://www.airbnb.com/rooms/44573555,1,McKinney
9257409,9.9,268,1.0,Garage apartment on 2 acre homesite,1,4,https://a0.muscache.com/im/pictures/dd308e58-498c-405c-9500-7ce4be5f00ae.jpg?aki_policy=x_large,279,-96.72664,33.2249,88.4598,Guest suite,Entire home/apt,https://www.airbnb.com/rooms/9257409,1,McKinney
43640778,,12,4.5,"Single Story, Mini Oasis, Executive-Style Home",4,8,https://a0.muscache.com/im/pictures/e98405d3-f2a9-49fa-aaf8-09e6b164a470.jpg?aki_policy=x_large,0,-96.70168,33.20829,322.5,House,Entire home/apt,https://www.airbnb.com/rooms/43640778,1,McKinney
16573953,9.3,131,1.0,Neat Suite,0,5,https://a0.muscache.com/im/pictures/936fc75b-905a-466e-bcd3-72994b9b63c0.jpg?aki_policy=x_large,72,-96.61916,33.20898,109.581,Apartment,Entire home/apt,https://www.airbnb.com/rooms/16573953,1,McKinney
38584793,9.8,257,2.5,Beautiful updated Historic home downtown Mckinney,3,8,https://a0.muscache.com/im/pictures/2b5790d0-594a-41fb-b127-d6721eee9e81.jpg?aki_policy=x_large,47,-96.62266,33.19635,205.671,House,Entire home/apt,https://www.airbnb.com/rooms/38584793,1,McKinney
25374837,9.8,324,1.0,Historic Hideaway & Library,1,4,https://a0.muscache.com/im/pictures/bb8f05f2-0e7d-487a-8e8c-e7bf42a8f1a6.jpg?aki_policy=x_large,9,-96.62782,33.19854,191.804,Bed and breakfast,Private room,https://www.airbnb.com/rooms/25374837,1,McKinney
40234865,10.0,127,1.0,Medium Private Room,1,1,https://a0.muscache.com/im/pictures/e0397df6-8b3e-43fd-aa2e-93aad059ca0e.jpg?aki_policy=x_large,1,-96.71865,33.21007,26.4434,House,Private room,https://www.airbnb.com/rooms/40234865,1,McKinney
44776879,10.0,36,1.0,"Modern Cottage in Historic McKinney, Texas",2,5,https://a0.muscache.com/im/pictures/b70be62a-a037-4c55-b4fa-92b2f949e809.jpg?aki_policy=x_large,8,-96.61637,33.19145,164.393,House,Entire home/apt,https://www.airbnb.com/rooms/44776879,1,McKinney
26215293,10.0,69,1.0,Mckinney Tx. Private rooms! Great location! 121&75,2,6,https://a0.muscache.com/im/pictures/2ded3582-b12e-4705-8f7d-6e12f8f93be2.jpg?aki_policy=x_large,35,-96.68649,33.15034,44.8965,House,Private room,https://www.airbnb.com/rooms/26215293,1,McKinney
39901696,9.8,293,2.0,The Emerald Cliff--‚ù§Ô∏è of Downtown McKinney,3,8,https://a0.muscache.com/im/pictures/23548011-3125-4786-bc7c-13d1869327fe.jpg?aki_policy=x_large,51,-96.62262,33.19319,185.118,Bungalow,Entire home/apt,https://www.airbnb.com/rooms/39901696,1,McKinney
37966132,9.9,239,1.0,April Skies **Historic Downtown McKinney Cottage**,3,6,https://a0.muscache.com/im/pictures/9d406df1-e856-4a40-bbe7-f78dc6fa3afe.jpg?aki_policy=x_large,42,-96.62149,33.20614,182.993,Cottage,Entire home/apt,https://www.airbnb.com/rooms/37966132,1,McKinney
32895490,9.0,226,1.0,Craig Ranch|Corporate|Delightful 1BR apartment,1,2,https://a0.muscache.com/im/pictures/d95ec0cc-d1b7-4039-8268-4d028d64f053.jpg?aki_policy=x_large,4,-96.7116,33.13789,106.26,Apartment,Entire home/apt,https://www.airbnb.com/rooms/32895490,1,McKinney
1001896681,0.0,19,2.0,McKinney Oaks - Fully Furnished 30+ Days,3,8,https://odis.homeaway.com/odis/listing/0dee9c53-7d81-4702-ae7e-f9af3b8b906e.c10.jpg,0,-96.6283947,33.1780328,180.714,house,Entire home/apt,https://www.airbnb.com/rooms/1001896681,1,McKinney
38781875,9.7,365,2.5,Wedding & Wine Country Home Near Event Centers,3,12,https://a0.muscache.com/im/pictures/79ecd8b7-8657-4c6e-9799-7798d9026736.jpg?aki_policy=x_large,31,-96.65714,33.29254,180.164,House,Entire home/apt,https://www.airbnb.com/rooms/38781875,1,McKinney
18238756,9.6,84,2.0,The Whole Building,0,11,https://a0.muscache.com/im/pictures/5371e7ce-d629-4436-91c4-7121527181de.jpg?aki_policy=x_large,23,-96.61897,33.20893,201.703,House,Entire home/apt,https://www.airbnb.com/rooms/18238756,1,McKinney
37569142,10.0,235,2.0,"New, Modern Luxury Retreat! Great location off 121",3,10,https://a0.muscache.com/im/pictures/3851b96b-00a6-4b12-8c89-b38a28380e0f.jpg?aki_policy=x_large,17,-96.70221,33.15514,216.608,House,Entire home/apt,https://www.airbnb.com/rooms/37569142,1,McKinney
23731620,10.0,366,1.0,An Enchanting Retreat,1,3,https://a0.muscache.com/im/pictures/0f0593bd-c782-49f3-a24b-e63406fec444.jpg?aki_policy=x_large,3,-96.62788,33.19826,198.741,Bed and breakfast,Private room,https://www.airbnb.com/rooms/23731620,1,McKinney
30465034,9.9,200,3.0,Spacious Cottage in Heart of Historic District,3,8,https://a0.muscache.com/im/pictures/85b0457b-98d4-4ec9-b1e2-1384cefa907d.jpg?aki_policy=x_large,39,-96.62205,33.20106,242.667,Cottage,Entire home/apt,https://www.airbnb.com/rooms/30465034,1,McKinney
43743221,9.9,146,1.0,"Unique, Serene, Escape: ""The Loft @ Hangar 309""",1,4,https://a0.muscache.com/im/pictures/miso/Hosting-43743221/original/bc5b4fd3-0cc6-43e8-aa63-be84415a9cf7.jpeg?aki_policy=x_large,21,-96.74145,33.20692,118.414,Apartment,Entire home/apt,https://www.airbnb.com/rooms/43743221,1,McKinney
15042410,9.8,91,1.0,Sunny Guesthouse in Historic Downtown McKinney,1,2,https://a0.muscache.com/im/pictures/b580c349-889b-4c80-a5b4-bc2b38e374d9.jpg?aki_policy=x_large,90,-96.62508,33.19829,79.8064,Guesthouse,Entire home/apt,https://www.airbnb.com/rooms/15042410,1,McKinney
42709777,10.0,37,1.0,The Executive at The Sanctuary House McKinney TX.,1,2,https://a0.muscache.com/im/pictures/b891ef3b-1c57-4995-a8f6-504f9154e8d7.jpg?aki_policy=x_large,1,-96.69518,33.1767,42.0,Villa,Private room,https://www.airbnb.com/rooms/42709777,1,McKinney
44276942,10.0,93,1.0,Texas Corporate Housing Solutions Professional Apt,1,3,https://a0.muscache.com/im/pictures/660a8ddb-5cee-4316-973c-766fdc5f7b3c.jpg?aki_policy=x_large,1,-96.71831,33.13815,105.781,Apartment,Entire home/apt,https://www.airbnb.com/rooms/44276942,1,McKinney
1003893090,10.0,190,1.0,Complete Privacy - 5 min walk to McKinney Historic Sq. You can spend a whole day,1,2,https://media.vrbo.com/lodging/43000000/42350000/42341000/42340972/180-29a2cf61.c10.jpg,14,-96.6216871,33.1982312,54.6429,house,Entire home/apt,https://www.airbnb.com/rooms/1003893090,1,McKinney
36663448,10.0,289,2.0,Historic Downtown McKinney Yellow Bungalow,2,5,https://a0.muscache.com/im/pictures/724167b4-a85b-43b1-b7eb-2d7207ef4cc4.jpg?aki_policy=x_large,7,-96.622,33.197,190.393,House,Entire home/apt,https://www.airbnb.com/rooms/36663448,1,McKinney
43388684,9.3,83,1.0,"Quiet Area, Completely Sanitized, Free Parking",1,2,https://a0.muscache.com/im/pictures/09a5f788-d91f-4cc3-8263-7462ebe4be6a.jpg?aki_policy=x_large,6,-96.70037,33.15703,92.1265,Apartment,Entire home/apt,https://www.airbnb.com/rooms/43388684,1,McKinney
43653547,,31,1.0,Cottage in the country within city limits,0,2,https://a0.muscache.com/im/pictures/miso/Hosting-43653547/original/e69e3a0d-4afa-4170-9390-3babe6f40cc4.jpeg?aki_policy=x_large,0,-96.61749,33.26031,66.9048,Cottage,Entire home/apt,https://www.airbnb.com/rooms/43653547,1,McKinney
8906112,9.8,329,1.0,Airstream Vintage Travel Trailer,1,4,https://a0.muscache.com/im/pictures/14b4bad2-4309-4d61-a988-75bcf24b2614.jpg?aki_policy=x_large,202,-96.62871,33.19465,54.2258,Camper/rv,Shared room,https://www.airbnb.com/rooms/8906112,1,McKinney
33768022,10.0,69,1.0,"Arts and craft home, walk to the Square!",2,2,https://a0.muscache.com/im/pictures/f965e8be-9537-495b-b68e-bf02c1e14731.jpg?aki_policy=x_large,18,-96.61999,33.19805,50.0208,Bed and breakfast,Private room,https://www.airbnb.com/rooms/33768022,1,McKinney
40920739,10.0,305,2.5,Beautiful Luxury Furnished 3 BR Townhome-Mckinney,3,6,https://a0.muscache.com/im/pictures/2c6f08be-cc4b-4539-be47-282a1b0f357a.jpg?aki_policy=x_large,3,-96.70344,33.1538,158.104,Townhouse,Entire home/apt,https://www.airbnb.com/rooms/40920739,1,McKinney
43842577,10.0,60,2.0,Texas Corporate Housing Solutions Professional Apt,2,5,https://a0.muscache.com/im/pictures/7294e090-af48-404a-81af-12a1382d936a.jpg?aki_policy=x_large,1,-96.71763,33.13857,136.375,Serviced apartment,Entire home/apt,https://www.airbnb.com/rooms/43842577,1,McKinney
38868831,9.4,249,1.0,DIAMOND * 1 Bedroom Apt. * COZY!!!,1,2,https://a0.muscache.com/im/pictures/f29301b3-d044-4f39-b2fa-1fcfb03df8d9.jpg?aki_policy=x_large,26,-96.74385,33.2053,53.3445,Apartment,Entire home/apt,https://www.airbnb.com/rooms/38868831,1,McKinney
27612696,10.0,145,1.0,"Clean, quiet, private room in frisco home (D)",1,1,https://a0.muscache.com/im/pictures/58a6d66f-4748-44a6-ab8d-78e565a03c9b.jpg?aki_policy=x_large,8,-96.76612,33.19456,55.0,House,Private room,https://www.airbnb.com/rooms/27612696,1,McKinney
33496101,9.4,201,1.0,Bluebird Cottage & Caf√© 2 (entire 2 bedroom suite),2,7,https://a0.muscache.com/im/pictures/f585b0cc-4ac9-4121-b1df-eac686a6f771.jpg?aki_policy=x_large,14,-96.6795,33.25442,77.7987,Guest suite,Entire home/apt,https://www.airbnb.com/rooms/33496101,1,McKinney
26453960,10.0,72,1.0,Furnished Room in Peaceful Frisco/McKinney Home,1,1,https://a0.muscache.com/im/pictures/2739883d-c7c8-416e-9221-4c230b7f7b04.jpg?aki_policy=x_large,4,-96.7173,33.153,49.2647,House,Private room,https://www.airbnb.com/rooms/26453960,1,McKinney
29543208,10.0,169,1.0,‚ù§Ô∏èQuiet 2bed 1 PRIVATE Bath w/ Smart TVs & Wifi‚ù§Ô∏è,2,4,https://a0.muscache.com/im/pictures/066ce8a4-069f-4521-a9fe-7cfb997f2742.jpg?aki_policy=x_large,2,-96.75581,33.19568,82.4351,House,Private room,https://www.airbnb.com/rooms/29543208,1,McKinney
18249443,9.9,350,4.5,Runge Range Holiday Home in the heart of McKinney,4,12,https://a0.muscache.com/im/pictures/635d795a-aed2-42ad-a9e5-706271a831be.jpg?aki_policy=x_large,128,-96.62752,33.19796,348.713,House,Entire home/apt,https://www.airbnb.com/rooms/18249443,1,McKinney
39181551,10.0,169,1.0,BP''s Place,1,1,https://a0.muscache.com/im/pictures/856fa001-fa3c-43a3-8dad-c36bfdbf684f.jpg?aki_policy=x_large,4,-96.66914,33.18557,40.7442,House,Shared room,https://www.airbnb.com/rooms/39181551,1,McKinney
31616718,10.0,22,1.0,Rest Easy in the Suburbs,1,1,https://a0.muscache.com/im/pictures/603e8ec7-23b6-403c-bd8b-33c689f0e101.jpg?aki_policy=x_large,4,-96.62981,33.21171,35.0,House,Private room,https://www.airbnb.com/rooms/31616718,1,McKinney
1003883832,0.0,145,2.0,3 Bedroom / 2 Bath - Fully Furnished Home - TCH,3,6,https://odis.homeaway.com/odis/listing/5370c42f-109c-4dc9-8673-2a7cb10c04da.c10.jpg,0,-96.74651807,33.20714842,185.562,house,Entire home/apt,https://www.airbnb.com/rooms/1003883832,1,McKinney
1593947,9.9,78,1.5,Charming Cottage,1,2,https://a0.muscache.com/im/pictures/acb5081f-59ea-4b16-8bc7-e3ef1ff00107.jpg?aki_policy=x_large,77,-96.62551,33.20375,32.3519,Bungalow,Private room,https://www.airbnb.com/rooms/1593947,1,McKinney
43610935,10.0,153,3.0,Elegant Ranch House with 20 Acres of Pure Serenity,3,12,https://a0.muscache.com/im/pictures/f2ff6e0a-8e32-4f50-8930-0072d3f7bb1c.jpg?aki_policy=x_large,16,-96.66939,33.26527,548.722,Farm stay,Entire home/apt,https://www.airbnb.com/rooms/43610935,1,McKinney
16029469,9.0,110,1.0,Loft Mckinney,0,6,https://a0.muscache.com/im/pictures/2c422187-7e79-425d-b611-479d0fb95262.jpg?aki_policy=x_large,62,-96.6204,33.20767,116.632,Apartment,Entire home/apt,https://www.airbnb.com/rooms/16029469,1,McKinney
45202705,8.0,40,2.5,Quiet & Peaceful Farm Getaway Near Dallas,2,8,https://a0.muscache.com/im/pictures/a1489886-09f7-4c31-8867-b6396c825985.jpg?aki_policy=x_large,1,-96.58013,33.22237,267.25,Farm stay,Entire home/apt,https://www.airbnb.com/rooms/45202705,1,McKinney
4211181,9.7,57,1.5,Garden Gate Getaway,1,2,https://a0.muscache.com/im/pictures/f2cac820-ce90-4391-9082-9a4b53aa006c.jpg?aki_policy=x_large,52,-96.62521,33.20393,41.4286,Bungalow,Private room,https://www.airbnb.com/rooms/4211181,1,McKinney
34180528,9.9,329,1.0,Private Entrance*-Cozy home near Downtown Square,1,2,https://a0.muscache.com/im/pictures/22446bd3-36cb-4afc-955c-1b73b19dda6b.jpg?aki_policy=x_large,44,-96.62152,33.20412,41.2641,House,Private room,https://www.airbnb.com/rooms/34180528,1,McKinney
1003952917,10.0,31,2.0,Meadow Retreat- Country feel with city conveniences,3,8,https://odis.homeaway.com/odis/listing/97d8bc9d-e85a-41af-afa5-28da8671d3c8.c10.jpg,1,-96.53735124,33.16615752,110.0,house,Entire home/apt,https://www.airbnb.com/rooms/1003952917,1,McKinney
34285725,10.0,320,1.0,"The ""Love Shack 2.0"" in Historic Downtown McKinney",1,2,https://a0.muscache.com/im/pictures/73e220af-46c2-4ed3-b4ab-0cbeef76b3bc.jpg?aki_policy=x_large,173,-96.62022,33.20101,104.325,Tiny house,Entire home/apt,https://www.airbnb.com/rooms/34285725,1,McKinney
38264207,9.2,264,2.0,Vine Cottage,3,10,https://a0.muscache.com/im/pictures/2fbe9174-f6df-47a5-9e14-4bdcb792305c.jpg?aki_policy=x_large,24,-96.62187,33.19596,182.586,Cottage,Entire home/apt,https://www.airbnb.com/rooms/38264207,1,McKinney
40467155,9.2,83,2.0,Texas Gem,3,6,https://a0.muscache.com/im/pictures/c928034e-467a-49fd-878b-243a38e28284.jpg?aki_policy=x_large,5,-96.68238,33.22582,99.4375,House,Entire home/apt,https://www.airbnb.com/rooms/40467155,1,McKinney
36313351,10.0,204,1.0,Private Room/Bathroom-Business Traveler''s dream,1,2,https://a0.muscache.com/im/pictures/49ec4c3e-fe57-4c58-88bf-5b1210e2d640.jpg?aki_policy=x_large,9,-96.7317,33.18332,44.6307,Apartment,Private room,https://www.airbnb.com/rooms/36313351,1,McKinney
25459887,10.0,120,1.0,Private room with attached bathroom in Frisco,1,1,https://a0.muscache.com/im/pictures/58a6d66f-4748-44a6-ab8d-78e565a03c9b.jpg?aki_policy=x_large,11,-96.76468,33.19407,55.0,House,Private room,https://www.airbnb.com/rooms/25459887,1,McKinney
44402311,9.1,83,1.0,Clean private queen bedroom w/ private bathroom,1,2,https://a0.muscache.com/im/pictures/b1b670cd-5a6c-4cbd-b0aa-87c9179868d8.jpg?aki_policy=x_large,7,-96.72737,33.20871,44.7353,House,Private room,https://www.airbnb.com/rooms/44402311,1,McKinney
19826814,10.0,232,4.0,"Luxury Resort Mckinney Home- fun, close to all!",5,15,https://a0.muscache.com/im/pictures/57f8a946-d063-4aac-8426-87050c92a4fc.jpg?aki_policy=x_large,49,-96.6538,33.16485,833.333,House,Entire home/apt,https://www.airbnb.com/rooms/19826814,1,McKinney
33739697,10.0,161,1.0,Birdie''s Cottage in Historic McKinney,1,2,https://a0.muscache.com/im/pictures/2c62aa4b-f728-4539-8d25-f05c9706a3ea.jpg?aki_policy=x_large,23,-96.61988,33.2026,128.537,Cottage,Entire home/apt,https://www.airbnb.com/rooms/33739697,1,McKinney
44434989,10.0,47,1.0,Clean king private bedroom w/ private bathroom,1,2,https://a0.muscache.com/im/pictures/0d9da123-f970-40fc-9f10-d8ebc8f2b8fc.jpg?aki_policy=x_large,6,-96.72855,33.20937,49.6562,House,Private room,https://www.airbnb.com/rooms/44434989,1,McKinney
24809180,9.9,250,1.0,Murphy House near downtown McKinney,0,4,https://a0.muscache.com/im/pictures/9ce55944-e136-4840-a391-e0d4cbc2ca03.jpg?aki_policy=x_large,156,-96.62001,33.20615,94.6515,Guesthouse,Entire home/apt,https://www.airbnb.com/rooms/24809180,1,McKinney
27898706,9.1,354,2.5,Modern McKinney home !!,3,8,https://a0.muscache.com/im/pictures/74fd4754-3fe3-49d8-97a5-68c95286f63e.jpg?aki_policy=x_large,41,-96.68253,33.17194,115.3,Townhouse,Entire home/apt,https://www.airbnb.com/rooms/27898706,1,McKinney
22338725,10.0,152,1.5,Spa Bth New Kit Patio Fast WiFi. Desk Rm B,1,2,https://a0.muscache.com/im/pictures/c13cb9d8-bd2a-4613-9e44-bfbc8b353a6c.jpg?aki_policy=x_large,12,-96.64827,33.22807,76.8965,House,Private room,https://www.airbnb.com/rooms/22338725,1,McKinney
27724730,10.0,232,1.0,"‚ù§Ô∏èQuiet, Clean, Comfy Room A w/ Smart TV & Wifi‚ù§Ô∏è",1,2,https://a0.muscache.com/im/pictures/fb1f08f2-5029-4d02-957d-c8f3d0216ce1.jpg?aki_policy=x_large,32,-96.75501,33.19733,38.9882,House,Private room,https://www.airbnb.com/rooms/27724730,1,McKinney
13001951,9.7,247,2.5,"McKinney Oasis, 4BDRM POOL and Pool Table",4,10,https://a0.muscache.com/im/pictures/c4b2d1eb-ec0a-44e4-8ff2-895f1dbf3571.jpg?aki_policy=x_large,100,-96.6366,33.17462,354.505,House,Entire home/apt,https://www.airbnb.com/rooms/13001951,1,McKinney
45738193,,31,1.0,Texas Corporate Housing Solutions Professional Apt,1,3,https://a0.muscache.com/im/pictures/95348ead-a980-4b29-a785-d6725eddb8b0.jpg?aki_policy=x_large,0,-96.71903,33.13903,182.0,Apartment,Entire home/apt,https://www.airbnb.com/rooms/45738193,1,McKinney
28893069,9.9,334,1.0,‚òÜHidden Haven‚òÜ Peaceful Getaway | Ideal location |,1,2,https://a0.muscache.com/im/pictures/85fdbd09-f969-4376-8a52-df733b8a4b46.jpg?aki_policy=x_large,214,-96.68954,33.27595,57.6102,Guesthouse,Entire home/apt,https://www.airbnb.com/rooms/28893069,1,McKinney
37859392,9.7,363,1.0,"""LADY BUTTERBUG COTTAGE"" IN HISTORIC MCKINNEY",2,4,https://a0.muscache.com/im/pictures/ade44a78-5725-4ca7-9c8c-4b9a0b23c1fb.jpg?aki_policy=x_large,46,-96.62437,33.19121,108.106,Cottage,Entire home/apt,https://www.airbnb.com/rooms/37859392,1,McKinney
11654803,9.4,163,2.0,"""Eleanor''s Cottage""",2,8,https://a0.muscache.com/im/pictures/1c3b7c78-420a-43ae-93ee-5332efb90a69.jpg?aki_policy=x_large,72,-96.62271,33.2087,182.492,House,Entire home/apt,https://www.airbnb.com/rooms/11654803,1,McKinney
44755165,10.0,42,1.0,Perfect Place In McKinney,1,2,https://a0.muscache.com/im/pictures/84436c49-3805-46dc-944a-59c4d0c56579.jpg?aki_policy=x_large,6,-96.65267,33.16517,50.8333,House,Private room,https://www.airbnb.com/rooms/44755165,1,McKinney
44018201,,31,1.0,Blue Bonnet Room - Red Gate Inn,1,4,https://a0.muscache.com/im/pictures/794440a2-c096-4e63-b059-569049167730.jpg?aki_policy=x_large,0,-96.61712,33.20699,225.0,Bed and breakfast,Private room,https://www.airbnb.com/rooms/44018201,1,McKinney
38158469,,153,1.0,The Ultimate Glamping Experience,2,6,https://a0.muscache.com/im/pictures/54b0d5d3-38f7-433a-8610-23f774f9ec18.jpg?aki_policy=x_large,0,-96.69197,33.23809,103.645,Camper/RV,Entire home/apt,https://www.airbnb.com/rooms/38158469,1,McKinney
43971622,9.8,67,2.0,Texas Corporate Housing Solutions Professional Apt,2,5,https://a0.muscache.com/im/pictures/a1c8f115-28ac-4941-b56f-ca2cb2a83850.jpg?aki_policy=x_large,8,-96.71686,33.1399,144.592,Apartment,Entire home/apt,https://www.airbnb.com/rooms/43971622,1,McKinney
31394087,9.8,215,2.5,"Fully Furnished 3 BR Townhome, North Dallas",3,8,https://a0.muscache.com/im/pictures/8f5e1eaf-b008-4f03-b91d-eb2f47d8749e.jpg?aki_policy=x_large,24,-96.68228,33.1733,126.933,Townhouse,Entire home/apt,https://www.airbnb.com/rooms/31394087,1,McKinney
38435957,9.2,30,1.0,Private Cozy Entire Apartment in McKinney Near 380,1,2,https://a0.muscache.com/im/pictures/8d9f6337-53cb-4e1e-a8f0-e6f5ff16b2e9.jpg?aki_policy=x_large,13,-96.72948,33.20615,69.3529,Apartment,Entire home/apt,https://www.airbnb.com/rooms/38435957,1,McKinney
29927532,10.0,289,2.5,SKYLANE * SLEEPS 14 * 3500 SQFT * REGAL!!,4,14,https://a0.muscache.com/im/pictures/a4afd72a-49d8-4ed4-88ea-282eceb0602a.jpg?aki_policy=x_large,94,-96.74349,33.20534,216.599,House,Entire home/apt,https://www.airbnb.com/rooms/29927532,1,McKinney
27001083,10.0,104,2.0,"Clean, quiet, private room in Frisco home (C)",1,1,https://a0.muscache.com/im/pictures/6ca2f1fb-008b-4444-b0ca-de7205f94c2b.jpg?aki_policy=x_large,4,-96.76437,33.1948,55.0,House,Private room,https://www.airbnb.com/rooms/27001083,1,McKinney
10657428,10.0,289,1.5,Comfy room near downtown McKinney,1,2,https://a0.muscache.com/im/pictures/7932eaad-697a-4d1e-9dd1-22204b279c4a.jpg?aki_policy=x_large,93,-96.6569,33.20578,57.9041,House,Private room,https://www.airbnb.com/rooms/10657428,1,McKinney
35517705,,108,1.0,"Private room and bath in Cozy home, Mckinney.",1,2,https://a0.muscache.com/im/pictures/df9c7b7f-2503-4fdd-bbbd-bf507ebfbe8f.jpg?aki_policy=x_large,2,-96.73834,33.19043,27.7083,House,Private room,https://www.airbnb.com/rooms/35517705,1,McKinney
41473958,10.0,171,1.0,Private Qn room with Private bathroom,1,2,https://a0.muscache.com/im/pictures/a58de68d-0138-48d2-a314-f7a74a22780b.jpg?aki_policy=x_large,7,-96.70373,33.1491,52.0814,House,Private room,https://www.airbnb.com/rooms/41473958,1,McKinney
1003133529,0.0,140,1.0,Craig Ranch | Corporate | Delightful 1BR apartment,1,2,https://odis.homeaway.com/odis/listing/4e5207c3-77be-4a5d-99fa-d0bfa34152ac.c10.jpg,0,-96.71256517,33.13955124,119.523,apartment,Entire home/apt,https://www.airbnb.com/rooms/1003133529,1,McKinney
28106195,9.8,11,1.0,Historic Hen House - Near Downtown McKinney Square,2,5,https://a0.muscache.com/im/pictures/3af7cf5b-3473-4339-afe9-1abd88334517.jpg?aki_policy=x_large,11,-96.62566,33.21246,180.111,Bungalow,Entire home/apt,https://www.airbnb.com/rooms/28106195,1,McKinney
31763287,9.5,345,2.0,2700 Glenhaven,3,6,https://a0.muscache.com/im/pictures/28e957da-6e32-43f1-a933-e8d56dfca249.jpg?aki_policy=x_large,93,-96.64758,33.20875,131.223,House,Entire home/apt,https://www.airbnb.com/rooms/31763287,1,McKinney
27463731,9.8,107,1.0,Texas Loft,0,5,https://a0.muscache.com/im/pictures/c6cbc9cb-4b3a-4edf-84a9-621dff4b38d9.jpg?aki_policy=x_large,39,-96.62403,33.20821,111.951,Apartment,Entire home/apt,https://www.airbnb.com/rooms/27463731,1,McKinney
43527697,9.9,115,1.0,Entire Home * Country Living In The City * 2BR 1BA,2,4,https://a0.muscache.com/im/pictures/miso/Hosting-43527697/original/c25da7f9-a401-4200-bd50-ee94f269a821.jpeg?aki_policy=x_large,30,-96.74647,33.20136,73.0465,House,Entire home/apt,https://www.airbnb.com/rooms/43527697,1,McKinney
41857212,9.7,260,1.0,‚ú® Private Studio Long Term KITCHEN POOL GYM W&D‚úì,0,4,https://a0.muscache.com/im/pictures/203f7bab-5ed0-403d-ad06-3774434f1f0a.jpg?aki_policy=x_large,47,-96.70965,33.13783,88.1382,Apartment,Entire home/apt,https://www.airbnb.com/rooms/41857212,1,McKinney
43911173,10.0,97,2.0,Texas Corporate Housing Solutions Professional Apt,2,5,https://a0.muscache.com/im/pictures/ce3f04c1-d464-4c8a-94b0-372ebc0c4ea9.jpg?aki_policy=x_large,9,-96.71841,33.13825,129.159,Serviced apartment,Entire home/apt,https://www.airbnb.com/rooms/43911173,1,McKinney
44122343,10.0,123,1.0,Yellow Rose Room - Red Gate Inn,1,2,https://a0.muscache.com/im/pictures/f892b17b-3568-40df-8e15-d99d02792d16.jpg?aki_policy=x_large,2,-96.61791,33.2068,224.037,Bed and breakfast,Private room,https://www.airbnb.com/rooms/44122343,1,McKinney
45096361,9.0,56,1.0,Texas Corporate Housing Solutions Professional Apt,1,3,https://a0.muscache.com/im/pictures/27770e21-0e1f-4320-b585-278efbb06ef1.jpg?aki_policy=x_large,2,-96.71842,33.13974,109.986,Apartment,Entire home/apt,https://www.airbnb.com/rooms/45096361,1,McKinney
31054983,9.5,261,1.0,The Farm House,2,6,https://a0.muscache.com/im/pictures/3d6bafce-ef80-49b0-8354-2ee5db067d78.jpg?aki_policy=x_large,37,-96.62074,33.20929,184.789,House,Entire home/apt,https://www.airbnb.com/rooms/31054983,1,McKinney
45736769,,31,2.0,Texas Corporate Housing Solutions Professional Apt,2,5,https://a0.muscache.com/im/pictures/a975efc6-2e8e-47c9-9e50-4aa380b83fec.jpg?aki_policy=x_large,0,-96.71679,33.13811,120.909,Apartment,Entire home/apt,https://www.airbnb.com/rooms/45736769,1,McKinney
43829180,10.0,100,1.5,‚ú® Private Long Term W&D Kitchen Pool Gym Balcony ‚úì,2,6,https://a0.muscache.com/im/pictures/d2a8a124-b380-48fc-9cfa-5b11b55bc279.jpg?aki_policy=x_large,10,-96.71043,33.13741,147.959,Apartment,Entire home/apt,https://www.airbnb.com/rooms/43829180,1,McKinney
39458711,9.8,316,2.0,McKinney Mill District Bungalow,3,6,https://a0.muscache.com/im/pictures/1011731d-b297-4327-b7c0-332ce63333ea.jpg?aki_policy=x_large,42,-96.614,33.191,137.443,Bungalow,Entire home/apt,https://www.airbnb.com/rooms/39458711,1,McKinney
19603223,9.8,193,2.0,Handicapped Accessible Suburban Retreat,3,6,https://a0.muscache.com/im/pictures/d20c86bb-4990-4469-a89b-6ae2cc9431b6.jpg?aki_policy=x_large,96,-96.64745,33.22097,154.032,House,Entire home/apt,https://www.airbnb.com/rooms/19603223,1,McKinney
14405897,9.7,109,1.0,Cozy Room w/ Comfortable Queen Bed,1,1,https://a0.muscache.com/im/pictures/100ec5a0-3255-4cde-93d3-bb6ff9495218.jpg?aki_policy=x_large,14,-96.69501,33.1613,28.1639,House,Private room,https://www.airbnb.com/rooms/14405897,1,McKinney
1001634912,10.0,167,2.0,Family Friendly Craftsman Near Historic Downtown,4,8,https://media.vrbo.com/lodging/35000000/34010000/34004300/34004243/44aaee63.c10.jpg,7,-96.61417241,33.19361307,226.534,house,Entire home/apt,https://www.airbnb.com/rooms/1001634912,1,McKinney
41090637,10.0,217,2.0,THE NEST-CHARMING HOME 1 BLK TO DOWNTOWN MCKINNEY!,3,9,https://a0.muscache.com/im/pictures/3d5d71e2-b987-4da1-bf3c-58bf3d4ddcb6.jpg?aki_policy=x_large,15,-96.61676,33.19792,223.401,House,Entire home/apt,https://www.airbnb.com/rooms/41090637,1,McKinney
1003460425,8.0,96,1.0,Neat Suite is a downstairs studio,0,4,https://odis.homeaway.com/odis/listing/7b4e4e43-4e6b-41b0-803a-6fb776b2a1ed.c10.jpg,4,-96.62104351,33.20537477,104.882,studio,Entire home/apt,https://www.airbnb.com/rooms/1003460425,1,McKinney
1003572634,10.0,323,1.0,The Farm House sits on a large lot near downtown Mckinney,2,7,https://odis.homeaway.com/odis/listing/e1fd8afe-e201-470a-b7d1-6cea3d7a773b.c10.jpg,2,-96.61784635,33.20546442,145.885,house,Entire home/apt,https://www.airbnb.com/rooms/1003572634,1,McKinney
30673512,9.9,350,3.5,The Downtown Victorian -Historic Downtown McKinney,4,14,https://a0.muscache.com/im/pictures/00a9d9b5-7fed-4372-9955-1f9efa6ab505.jpg?aki_policy=x_large,102,-96.61714,33.19625,301.597,House,Entire home/apt,https://www.airbnb.com/rooms/30673512,1,McKinney
8862814,10.0,296,1.5,Beautiful Victorian Farmhouse with Pool,1,1,https://a0.muscache.com/im/pictures/040aa89d-5bc3-4c29-a86c-f2638aa6af87.jpg?aki_policy=x_large,126,-96.62908,33.19589,52.3655,House,Private room,https://www.airbnb.com/rooms/8862814,1,McKinney
43956544,,62,7.0,Exquisite Luxury- The Best Airbnb in America üá∫üá∏,5,12,https://a0.muscache.com/im/pictures/718ce263-6443-4ec8-b22f-25bdd48f6731.jpg?aki_policy=x_large,0,-96.62312,33.14953,2199.0,House,Entire home/apt,https://www.airbnb.com/rooms/43956544,1,McKinney
25751602,10.0,111,1.0,"Clean, quiet, private room in Frisco home (B)",1,1,https://a0.muscache.com/im/pictures/6ca2f1fb-008b-4444-b0ca-de7205f94c2b.jpg?aki_policy=x_large,3,-96.76408,33.19395,52.0,House,Private room,https://www.airbnb.com/rooms/25751602,1,McKinney
44889587,9.0,92,3.5,Mckinney Home - Perfect Layout for Business Travel,3,6,https://a0.muscache.com/im/pictures/b6dfe7fe-2090-4358-b458-786ec884ab7c.jpg?aki_policy=x_large,2,-96.64768,33.15904,217.679,Townhouse,Entire home/apt,https://www.airbnb.com/rooms/44889587,1,McKinney
22000426,9.9,256,1.0,Historic McKinney Guest Retreat (Private),1,2,https://a0.muscache.com/im/pictures/0021c63f-5446-431d-adb8-c9ccdef12e9b.jpg?aki_policy=x_large,115,-96.62411,33.19111,92.7451,Loft,Entire home/apt,https://www.airbnb.com/rooms/22000426,1,McKinney
1002831416,10.0,332,2.0,The Beautiful RoseMary Barndominium,4,12,https://media.vrbo.com/lodging/34000000/33650000/33644700/33644646/877e5e11.c10.jpg,24,-96.5892058481628,33.243786552624,585.526,barn,Entire home/apt,https://www.airbnb.com/rooms/1002831416,1,McKinney
24910997,10.0,198,2.5,Beautiful Craftsman Style Home Downtown McKinney,4,8,https://a0.muscache.com/im/pictures/d1257022-33eb-4feb-a686-40db8a60e409.jpg?aki_policy=x_large,47,-96.61816,33.20283,354.301,House,Entire home/apt,https://www.airbnb.com/rooms/24910997,1,McKinney
43876019,,26,2.0,Texas Corporate Housing Solutions Professional Apt,2,5,https://a0.muscache.com/im/pictures/54b0cd9c-c072-4d7e-8ee9-c94cfeae51b9.jpg?aki_policy=x_large,0,-96.71872,33.1404,168.429,Apartment,Entire home/apt,https://www.airbnb.com/rooms/43876019,1,McKinney
24769913,9.7,164,1.0,Master bedroom Quiet country farm,1,2,https://a0.muscache.com/im/pictures/18ed011c-0208-44ed-b6e3-af3eaa82079a.jpg?aki_policy=x_large,27,-96.55709,33.14437,36.3426,House,Private room,https://www.airbnb.com/rooms/24769913,1,McKinney
33018313,9.9,71,2.5,"4 Bed, Private Pool, Game room, Office",3,8,https://a0.muscache.com/im/pictures/fa4c60d1-f2be-4f4c-be87-b8ca9713bb75.jpg?aki_policy=x_large,15,-96.69545,33.1543,282.281,House,Entire home/apt,https://www.airbnb.com/rooms/33018313,1,McKinney
19889584,9.9,197,2.0,The Blue Bungalow - Flea Market Decor Featured!,3,7,https://a0.muscache.com/im/pictures/cd48092b-13a4-4165-86d9-a267b6edcd14.jpg?aki_policy=x_large,119,-96.62421,33.21561,137.082,Bungalow,Entire home/apt,https://www.airbnb.com/rooms/19889584,1,McKinney
44436079,10.0,90,1.0,Entire 1 bedroom apartment in Stonebridge,1,4,https://a0.muscache.com/im/pictures/af202866-875e-48ec-b50b-ccb4b248eb94.jpg?aki_policy=x_large,7,-96.70497,33.19873,60.2703,Apartment,Entire home/apt,https://www.airbnb.com/rooms/44436079,1,McKinney
30696533,9.7,310,2.5,SILVER EAGLE * SLEEPS 14 * 3300 SQFT * SPACIOUS!!,3,14,https://a0.muscache.com/im/pictures/1efa26dd-4380-4b73-b00b-25c027541faa.jpg?aki_policy=x_large,89,-96.74396,33.2062,214.1,House,Entire home/apt,https://www.airbnb.com/rooms/30696533,1,McKinney
44573725,10.0,31,1.0,Texas Corporate Housing Solutions Professional Apt,1,3,https://a0.muscache.com/im/pictures/miso/Hosting-44573725/original/4173fa06-c8ed-4f6c-87b6-a1c373971cdc.jpeg?aki_policy=x_large,1,-96.71885,33.13857,101.857,Apartment,Entire home/apt,https://www.airbnb.com/rooms/44573725,1,McKinney
23626434,10.0,2,1.0,1956 Bungalow,2,5,https://a0.muscache.com/im/pictures/df7e2c7f-2fc6-4a34-80d5-02f8804280cc.jpg?aki_policy=x_large,24,-96.62571,33.21488,95.0,Bungalow,Entire home/apt,https://www.airbnb.com/rooms/23626434,1,McKinney
3522884,9.8,244,2.0,Remodeled - Near Downtown McKinney,3,8,https://a0.muscache.com/im/pictures/de80c036-e0df-4e20-9e52-0a37b17a0ee1.jpg?aki_policy=x_large,234,-96.64246,33.19243,137.399,House,Entire home/apt,https://www.airbnb.com/rooms/3522884,1,McKinney
17416830,10.0,31,1.0,The Mansions McKinney Apartment,1,1,https://a0.muscache.com/im/pictures/7660a6ad-db14-48a8-87b9-cdb3c03d22d0.jpg?aki_policy=x_large,1,-96.70194,33.15511,95.0,Apartment,Shared room,https://www.airbnb.com/rooms/17416830,1,McKinney
8411493,9.0,299,1.0,Home Decor from All Around theWorld,1,2,https://a0.muscache.com/im/pictures/f0c4d564-e6d8-4613-8699-18c068810397.jpg?aki_policy=x_large,3,-96.69008,33.16661,81.1628,House,Private room,https://www.airbnb.com/rooms/8411493,1,McKinney
45989173,,31,1.0,Best spot McKinney Plano Frisco,1,2,https://a0.muscache.com/im/pictures/8f04c566-b88b-4ca7-b11e-52464b994ed1.jpg?aki_policy=x_large,0,-96.69982,33.15267,55.0,Apartment,Private room,https://www.airbnb.com/rooms/45989173,1,McKinney
35637354,,66,1.0,Unwind in Serene Atmosphere,1,2,https://a0.muscache.com/im/pictures/7c107a56-90e7-475c-9fb4-d2f20676af07.jpg?aki_policy=x_large,0,-96.69743,33.15665,80.0,Apartment,Private room,https://www.airbnb.com/rooms/35637354,1,McKinney
41715300,10.0,150,1.0,Enchanted Silver Room @ Rockin D Ranch,1,2,https://a0.muscache.com/im/pictures/52d756a1-0e4f-405d-9edd-625a24e5e73e.jpg?aki_policy=x_large,1,-96.64753,33.2764,55.0,Farm stay,Private room,https://www.airbnb.com/rooms/41715300,1,McKinney
20862665,9.9,314,1.0,The Cozy Cottage,0,3,https://a0.muscache.com/im/pictures/a978a8da-b573-4128-b17b-9827c2386b8a.jpg?aki_policy=x_large,107,-96.62127,33.20062,71.3428,Guesthouse,Entire home/apt,https://www.airbnb.com/rooms/20862665,1,McKinney
29338853,9.9,296,1.0,Location!! Location!! Historic Downtown McKinney,0,2,https://a0.muscache.com/im/pictures/09ea94bc-cfbb-4c81-aa2b-718806b50c43.jpg?aki_policy=x_large,108,-96.61719,33.20196,87.028,Apartment,Entire home/apt,https://www.airbnb.com/rooms/29338853,1,McKinney
1001849261,10.0,31,3.5,"Beautiful home on an acre and close to shopping, events & dining.",3,10,https://odis.homeaway.com/odis/listing/b301c4ff-78e1-42a7-a8a7-fb523365fc62.c10.jpg,1,-96.63935276,33.13564736,288.889,house,Entire home/apt,https://www.airbnb.com/rooms/1001849261,1,McKinney
38823557,10.0,305,2.0,NEW Pet Friendly Space w/Fenced Backyard + WiFi,2,4,https://a0.muscache.com/im/pictures/6b841de4-1dad-44ec-8531-36991a1bf788.jpg?aki_policy=x_large,12,-96.64434,33.20989,101.579,Apartment,Entire home/apt,https://www.airbnb.com/rooms/38823557,1,McKinney
23400396,10.0,267,1.0,The ‚ÄúLove Shack‚Äù in Historic Downtown McKinney,0,2,https://a0.muscache.com/im/pictures/3a03fbe3-03ad-457e-9bc4-7a5411e16e36.jpg?aki_policy=x_large,328,-96.61906,33.2011,104.023,Tiny house,Entire home/apt,https://www.airbnb.com/rooms/23400396,1,McKinney
45152773,,24,2.0,Texas Corporate Housing 3 Bedroom House,3,7,https://a0.muscache.com/im/pictures/c1981adb-111f-4f5d-ba8c-31bd199d5e3d.jpg?aki_policy=x_large,0,-96.69374,33.15375,205.158,House,Entire home/apt,https://www.airbnb.com/rooms/45152773,1,McKinney
18141770,9.9,35,1.0,The Sanctuary House McKinney TX. Single Bedroom BS,1,1,https://a0.muscache.com/im/pictures/abc87f3a-d05a-4486-9cca-5da895647a21.jpg?aki_policy=x_large,19,-96.69687,33.17715,85.0,House,Private room,https://www.airbnb.com/rooms/18141770,1,McKinney
44547031,10.0,57,2.0,Texas Corporate Housing Solutions Professional Apt,2,5,https://a0.muscache.com/im/pictures/0e419926-8862-4b48-b9dc-94f2f81c5cdf.jpg?aki_policy=x_large,5,-96.7176,33.13958,124.472,Apartment,Entire home/apt,https://www.airbnb.com/rooms/44547031,1,McKinney
36045474,9.3,242,3.5,"McKinney Retreat, 3000sf House, Fenced Corner Lot",4,12,https://a0.muscache.com/im/pictures/08b5348b-784f-43b4-8a07-7cd19175edc9.jpg?aki_policy=x_large,16,-96.68493,33.15138,289.673,House,Entire home/apt,https://www.airbnb.com/rooms/36045474,1,McKinney
33070638,10.0,243,1.0,Home sweet home,1,2,https://a0.muscache.com/im/pictures/49c0d2ce-e06d-43a6-b145-830e94deef08.jpg?aki_policy=x_large,1,-96.75312,33.20302,55.0,House,Private room,https://www.airbnb.com/rooms/33070638,1,McKinney
41274755,9.0,233,1.5,Two queen bedrooms with private bath,2,4,https://a0.muscache.com/im/pictures/936094f2-b39b-4c9b-b4fa-6bcb47be4f59.jpg?aki_policy=x_large,2,-96.65885,33.20579,86.8378,House,Private room,https://www.airbnb.com/rooms/41274755,1,McKinney
32384553,10.0,200,1.5,"Country Cottage Retreat: King Bed, Jet Shower",1,3,https://a0.muscache.com/im/pictures/3bdd32e5-0d1f-4409-b531-d70e0218b0ad.jpg?aki_policy=x_large,71,-96.65865,33.2922,127.262,Guesthouse,Entire home/apt,https://www.airbnb.com/rooms/32384553,1,McKinney
18508418,10.0,18,1.0,Perfect Long Term Studio Apt .4miles from downtown,0,4,https://a0.muscache.com/im/pictures/0da2062c-e929-471c-aa3a-0dfe9f902f33.jpg?aki_policy=x_large,26,-96.61949,33.20122,106.778,Guesthouse,Entire home/apt,https://www.airbnb.com/rooms/18508418,1,McKinney
36113413,10.0,246,1.0,BP''s Place,1,1,https://a0.muscache.com/im/pictures/856fa001-fa3c-43a3-8dad-c36bfdbf684f.jpg?aki_policy=x_large,3,-96.66893,33.18488,39.4,House,Private room,https://www.airbnb.com/rooms/36113413,1,McKinney
39912984,9.1,323,2.0,Farmhouse Charm - Close to Downtown Mckinney!,3,6,https://a0.muscache.com/im/pictures/6ba24db9-19eb-4a88-abdc-863af9f91825.jpg?aki_policy=x_large,12,-96.62698,33.18879,200.369,House,Entire home/apt,https://www.airbnb.com/rooms/39912984,1,McKinney
45738311,,31,2.0,Texas Corporate Housing Solutions Professional Apt,3,7,https://a0.muscache.com/im/pictures/8b289e71-2194-4f21-b959-5fc5108d61c3.jpg?aki_policy=x_large,0,-96.71701,33.13965,172.75,Apartment,Entire home/apt,https://www.airbnb.com/rooms/45738311,1,McKinney
22302553,10.0,166,1.5,New Spa Bth New Kit Patio Fast WiFi Desk Rm A,1,2,https://a0.muscache.com/im/pictures/5abb5722-19aa-4069-9809-a36bdd880ad3.jpg?aki_policy=x_large,14,-96.64474,33.22883,95.2,House,Private room,https://www.airbnb.com/rooms/22302553,1,McKinney
15250429,10.0,113,2.5,Blue Elm House - Fully furnished 30+ days,3,10,https://a0.muscache.com/im/pictures/9fce7b12-864b-4e18-a939-e10dc3e6ce4e.jpg?aki_policy=x_large,30,-96.61468,33.18465,126.226,House,Entire home/apt,https://www.airbnb.com/rooms/15250429,1,McKinney
17021296,10.0,49,2.0,Oak Home - Beautiful View,3,8,https://a0.muscache.com/im/pictures/61ef774e-0668-429b-8af1-ff31cc52122c.jpg?aki_policy=x_large,1,-96.62762,33.17777,133.611,House,Entire home/apt,https://www.airbnb.com/rooms/17021296,1,McKinney
40235004,,15,1.0,Large Private Room,1,1,https://a0.muscache.com/im/pictures/3285cb48-328d-40c1-acf3-310daaf1c363.jpg?aki_policy=x_large,0,-96.71965,33.20813,41.2222,House,Private room,https://www.airbnb.com/rooms/40235004,1,McKinney
20967783,10.0,183,1.0,Mike''s SCUBA Cove,1,2,https://a0.muscache.com/im/pictures/2b495e41-932f-48bb-8987-b881a87b9c61.jpg?aki_policy=x_large,44,-96.74334,33.18545,36.8151,House,Private room,https://www.airbnb.com/rooms/20967783,1,McKinney
44589145,10.0,77,2.0,Texas Corporate Housing Solutions Professional Apt,2,5,https://a0.muscache.com/im/pictures/96f4bd34-fe12-411c-adbc-1848728cde56.jpg?aki_policy=x_large,3,-96.71897,33.13822,140.833,Apartment,Entire home/apt,https://www.airbnb.com/rooms/44589145,1,McKinney
